,RIAGENDR,RIDAGEMN,RIDRETH1,HIGHEST_EDUCATION
0,1.0,11.0,3.0,ELEMENTARY
8,1.0,10.0,5.0,ELEMENTARY
9,2.0,493.0,4.0,OTHERS
11,1.0,37.0,1.0,ELEMENTARY
38,1.0,13.0,1.0,ELEMENTARY
41,1.0,11.0,3.0,ELEMENTARY
42,2.0,41.0,4.0,ELEMENTARY
49,2.0,42.0,3.0,ELEMENTARY
55,2.0,34.0,1.0,ELEMENTARY
57,1.0,5.0,3.0,ELEMENTARY
58,1.0,13.0,3.0,ELEMENTARY
61,2.0,70.0,4.0,ELEMENTARY
70,1.0,5.397605346934027e-79,1.0,ELEMENTARY
71,1.0,4.0,3.0,ELEMENTARY
73,2.0,14.0,3.0,ELEMENTARY
75,1.0,23.0,3.0,ELEMENTARY
82,2.0,34.0,1.0,ELEMENTARY
89,1.0,3.0,4.0,ELEMENTARY
90,2.0,14.0,4.0,ELEMENTARY
95,1.0,58.0,1.0,ELEMENTARY
102,1.0,55.0,1.0,ELEMENTARY
107,2.0,9.0,4.0,ELEMENTARY
109,2.0,67.0,1.0,ELEMENTARY
116,1.0,971.0,3.0,COLLEGE
124,2.0,42.0,4.0,ELEMENTARY
126,1.0,312.0,3.0,OTHERS
129,1.0,37.0,1.0,ELEMENTARY
133,2.0,63.0,3.0,ELEMENTARY
154,2.0,35.0,1.0,ELEMENTARY
155,2.0,200.0,1.0,ELEMENTARY
156,2.0,2.0,1.0,ELEMENTARY
160,1.0,31.0,1.0,ELEMENTARY
169,2.0,55.0,3.0,ELEMENTARY
179,1.0,5.0,4.0,ELEMENTARY
188,1.0,46.0,1.0,ELEMENTARY
195,1.0,57.0,1.0,ELEMENTARY
199,2.0,42.0,1.0,ELEMENTARY
200,1.0,17.0,5.0,ELEMENTARY
208,1.0,1.0,5.0,ELEMENTARY
211,2.0,28.0,1.0,ELEMENTARY
213,1.0,5.0,3.0,ELEMENTARY
228,1.0,103.0,5.0,ELEMENTARY
229,2.0,5.397605346934027e-79,3.0,ELEMENTARY
230,2.0,1068.0,3.0,ELEMENTARY
232,2.0,40.0,1.0,ELEMENTARY
239,1.0,11.0,1.0,ELEMENTARY
241,2.0,838.0,3.0,HIGHSCHOOL
242,2.0,11.0,4.0,ELEMENTARY
247,2.0,48.0,3.0,ELEMENTARY
250,2.0,50.0,3.0,ELEMENTARY
263,2.0,34.0,2.0,ELEMENTARY
265,1.0,739.0,1.0,HIGHSCHOOL
274,1.0,32.0,3.0,ELEMENTARY
277,1.0,33.0,1.0,ELEMENTARY
278,1.0,38.0,1.0,ELEMENTARY
281,2.0,23.0,5.0,ELEMENTARY
284,1.0,54.0,1.0,ELEMENTARY
285,1.0,33.0,1.0,ELEMENTARY
287,1.0,26.0,1.0,ELEMENTARY
292,2.0,5.0,3.0,ELEMENTARY
294,2.0,38.0,1.0,ELEMENTARY
295,2.0,52.0,4.0,ELEMENTARY
297,2.0,41.0,4.0,ELEMENTARY
306,2.0,50.0,1.0,ELEMENTARY
309,2.0,3.0,3.0,ELEMENTARY
311,2.0,61.0,3.0,ELEMENTARY
317,1.0,462.0,3.0,ELEMENTARY
318,1.0,36.0,1.0,ELEMENTARY
321,2.0,32.0,1.0,ELEMENTARY
322,2.0,446.0,3.0,OTHERS
323,1.0,20.0,3.0,ELEMENTARY
328,1.0,403.0,4.0,OTHERS
332,1.0,42.0,3.0,ELEMENTARY
334,1.0,1.0,4.0,ELEMENTARY
335,1.0,48.0,4.0,ELEMENTARY
340,1.0,5.0,5.0,ELEMENTARY
346,2.0,69.0,4.0,ELEMENTARY
348,1.0,17.0,3.0,ELEMENTARY
349,1.0,67.0,1.0,ELEMENTARY
352,1.0,2.0,1.0,ELEMENTARY
363,1.0,1.0,3.0,ELEMENTARY
366,2.0,29.0,1.0,ELEMENTARY
373,1.0,6.0,1.0,ELEMENTARY
396,1.0,9.0,1.0,ELEMENTARY
399,2.0,26.0,4.0,ELEMENTARY
409,2.0,58.0,1.0,ELEMENTARY
411,2.0,7.0,1.0,ELEMENTARY
415,1.0,414.0,3.0,OTHERS
425,2.0,66.0,4.0,ELEMENTARY
430,1.0,433.0,1.0,ELEMENTARY
435,2.0,73.0,4.0,ELEMENTARY
449,1.0,612.0,3.0,ELEMENTARY
451,2.0,51.0,1.0,ELEMENTARY
454,1.0,220.0,4.0,ELEMENTARY
457,2.0,5.397605346934027e-79,4.0,ELEMENTARY
468,1.0,26.0,3.0,ELEMENTARY
471,2.0,34.0,1.0,ELEMENTARY
473,1.0,171.0,4.0,ELEMENTARY
475,2.0,52.0,3.0,ELEMENTARY
485,2.0,33.0,3.0,ELEMENTARY
486,1.0,1.0,1.0,ELEMENTARY
487,1.0,35.0,5.0,ELEMENTARY
494,2.0,70.0,1.0,ELEMENTARY
497,1.0,53.0,3.0,ELEMENTARY
499,2.0,27.0,4.0,ELEMENTARY
501,1.0,12.0,3.0,ELEMENTARY
505,2.0,26.0,5.0,ELEMENTARY
515,2.0,28.0,5.0,ELEMENTARY
517,1.0,22.0,1.0,ELEMENTARY
521,2.0,5.0,1.0,ELEMENTARY
529,2.0,45.0,2.0,ELEMENTARY
532,1.0,10.0,3.0,ELEMENTARY
538,2.0,160.0,3.0,ELEMENTARY
540,2.0,21.0,5.0,ELEMENTARY
546,1.0,44.0,1.0,ELEMENTARY
549,2.0,29.0,2.0,ELEMENTARY
551,1.0,32.0,1.0,ELEMENTARY
556,2.0,59.0,3.0,ELEMENTARY
561,1.0,39.0,4.0,ELEMENTARY
566,2.0,7.0,3.0,ELEMENTARY
569,2.0,23.0,1.0,ELEMENTARY
570,2.0,37.0,1.0,ELEMENTARY
578,2.0,33.0,1.0,ELEMENTARY
588,2.0,3.0,4.0,ELEMENTARY
589,1.0,17.0,3.0,ELEMENTARY
599,2.0,35.0,3.0,ELEMENTARY
600,1.0,35.0,1.0,ELEMENTARY
608,1.0,22.0,3.0,ELEMENTARY
611,2.0,48.0,1.0,ELEMENTARY
631,2.0,11.0,1.0,ELEMENTARY
632,2.0,8.0,1.0,ELEMENTARY
633,2.0,23.0,3.0,ELEMENTARY
634,2.0,70.0,4.0,ELEMENTARY
643,1.0,60.0,3.0,ELEMENTARY
646,2.0,80.0,3.0,ELEMENTARY
647,1.0,67.0,4.0,ELEMENTARY
648,1.0,68.0,4.0,ELEMENTARY
650,1.0,736.0,1.0,ELEMENTARY
655,2.0,20.0,3.0,ELEMENTARY
656,2.0,53.0,1.0,ELEMENTARY
671,1.0,13.0,3.0,ELEMENTARY
676,1.0,4.0,1.0,ELEMENTARY
682,2.0,14.0,4.0,ELEMENTARY
683,1.0,51.0,1.0,ELEMENTARY
685,2.0,3.0,1.0,ELEMENTARY
688,2.0,21.0,3.0,ELEMENTARY
691,2.0,53.0,3.0,ELEMENTARY
698,2.0,48.0,5.0,ELEMENTARY
699,2.0,26.0,1.0,ELEMENTARY
702,2.0,55.0,4.0,ELEMENTARY
705,2.0,66.0,1.0,ELEMENTARY
707,1.0,15.0,3.0,ELEMENTARY
714,1.0,31.0,3.0,ELEMENTARY
718,2.0,190.0,4.0,ELEMENTARY
724,1.0,38.0,1.0,ELEMENTARY
729,2.0,70.0,3.0,ELEMENTARY
733,1.0,55.0,4.0,ELEMENTARY
742,1.0,36.0,1.0,ELEMENTARY
748,2.0,23.0,3.0,ELEMENTARY
749,2.0,47.0,4.0,ELEMENTARY
754,1.0,66.0,3.0,ELEMENTARY
756,2.0,19.0,3.0,ELEMENTARY
760,2.0,70.0,4.0,ELEMENTARY
764,2.0,24.0,1.0,ELEMENTARY
773,2.0,42.0,4.0,ELEMENTARY
774,2.0,44.0,4.0,ELEMENTARY
775,2.0,404.0,3.0,COLLEGE
777,1.0,42.0,1.0,ELEMENTARY
779,2.0,5.0,4.0,ELEMENTARY
781,1.0,54.0,1.0,ELEMENTARY
783,1.0,18.0,1.0,ELEMENTARY
784,1.0,36.0,1.0,ELEMENTARY
789,2.0,48.0,1.0,ELEMENTARY
790,2.0,48.0,4.0,ELEMENTARY
791,1.0,20.0,4.0,ELEMENTARY
800,2.0,49.0,4.0,ELEMENTARY
801,1.0,15.0,3.0,ELEMENTARY
803,2.0,267.0,3.0,HIGHSCHOOL
808,2.0,62.0,1.0,ELEMENTARY
811,2.0,10.0,1.0,ELEMENTARY
814,1.0,951.0,3.0,HIGHSCHOOL
815,2.0,6.0,3.0,ELEMENTARY
827,2.0,22.0,3.0,ELEMENTARY
828,1.0,3.0,4.0,ELEMENTARY
829,2.0,50.0,4.0,ELEMENTARY
838,1.0,5.0,1.0,ELEMENTARY
857,1.0,70.0,3.0,ELEMENTARY
860,1.0,355.0,1.0,ELEMENTARY
870,2.0,751.0,4.0,OTHERS
875,2.0,52.0,3.0,ELEMENTARY
878,1.0,38.0,2.0,ELEMENTARY
882,2.0,5.0,1.0,ELEMENTARY
894,1.0,15.0,2.0,ELEMENTARY
896,2.0,35.0,1.0,ELEMENTARY
902,1.0,22.0,3.0,ELEMENTARY
905,2.0,34.0,1.0,ELEMENTARY
914,2.0,28.0,1.0,ELEMENTARY
926,1.0,4.0,1.0,ELEMENTARY
927,1.0,32.0,1.0,ELEMENTARY
929,1.0,44.0,1.0,ELEMENTARY
932,1.0,1068.0,3.0,HIGHSCHOOL
933,1.0,37.0,1.0,ELEMENTARY
937,1.0,16.0,1.0,ELEMENTARY
942,1.0,4.0,3.0,ELEMENTARY
953,2.0,46.0,4.0,ELEMENTARY
960,2.0,8.0,1.0,ELEMENTARY
963,1.0,3.0,3.0,ELEMENTARY
968,2.0,38.0,3.0,ELEMENTARY
969,1.0,3.0,1.0,ELEMENTARY
973,1.0,32.0,3.0,ELEMENTARY
974,1.0,3.0,4.0,ELEMENTARY
978,1.0,14.0,5.0,ELEMENTARY
979,2.0,23.0,4.0,ELEMENTARY
989,1.0,20.0,1.0,ELEMENTARY
992,1.0,15.0,4.0,ELEMENTARY
994,1.0,13.0,3.0,ELEMENTARY
998,1.0,9.0,4.0,ELEMENTARY
999,2.0,1.0,1.0,ELEMENTARY
1001,2.0,11.0,1.0,ELEMENTARY
1012,2.0,22.0,4.0,ELEMENTARY
1017,1.0,5.0,1.0,ELEMENTARY
1020,2.0,71.0,3.0,ELEMENTARY
1029,2.0,1068.0,3.0,HIGHSCHOOL
1030,2.0,13.0,1.0,ELEMENTARY
1032,2.0,49.0,4.0,ELEMENTARY
1033,1.0,5.0,3.0,ELEMENTARY
1039,2.0,236.0,4.0,HIGHSCHOOL
1042,2.0,355.0,1.0,OTHERS
1043,1.0,24.0,3.0,ELEMENTARY
1044,2.0,58.0,3.0,ELEMENTARY
1047,1.0,22.0,2.0,ELEMENTARY
1057,2.0,47.0,3.0,ELEMENTARY
1060,2.0,24.0,1.0,ELEMENTARY
1062,1.0,312.0,3.0,OTHERS
1065,2.0,11.0,1.0,ELEMENTARY
1067,1.0,844.0,5.0,OTHERS
1080,1.0,545.0,4.0,ELEMENTARY
1082,2.0,3.0,1.0,ELEMENTARY
1088,2.0,29.0,5.0,ELEMENTARY
1095,1.0,5.397605346934027e-79,4.0,ELEMENTARY
1097,2.0,1068.0,3.0,ELEMENTARY
1100,1.0,60.0,3.0,ELEMENTARY
1104,1.0,206.0,3.0,ELEMENTARY
1105,1.0,43.0,1.0,ELEMENTARY
1106,2.0,55.0,3.0,ELEMENTARY
1108,2.0,47.0,4.0,ELEMENTARY
1110,1.0,30.0,3.0,ELEMENTARY
1120,2.0,15.0,1.0,ELEMENTARY
1125,1.0,22.0,3.0,ELEMENTARY
1126,1.0,29.0,3.0,ELEMENTARY
1131,2.0,1.0,1.0,ELEMENTARY
1133,1.0,12.0,3.0,ELEMENTARY
1136,1.0,23.0,4.0,ELEMENTARY
1137,1.0,1.0,3.0,ELEMENTARY
1147,2.0,8.0,4.0,ELEMENTARY
1150,1.0,65.0,1.0,ELEMENTARY
1155,2.0,3.0,4.0,ELEMENTARY
1162,2.0,54.0,5.0,ELEMENTARY
1170,1.0,333.0,5.0,OTHERS
1172,2.0,20.0,1.0,ELEMENTARY
1180,1.0,20.0,3.0,ELEMENTARY
1181,2.0,128.0,4.0,ELEMENTARY
1195,1.0,11.0,1.0,ELEMENTARY
1196,2.0,57.0,2.0,ELEMENTARY
1200,1.0,887.0,3.0,OTHERS
1205,1.0,61.0,1.0,ELEMENTARY
1208,2.0,592.0,2.0,OTHERS
1209,1.0,8.0,3.0,ELEMENTARY
1213,1.0,47.0,3.0,ELEMENTARY
1214,2.0,11.0,1.0,ELEMENTARY
1220,2.0,21.0,4.0,ELEMENTARY
1221,2.0,5.397605346934027e-79,1.0,ELEMENTARY
1224,1.0,12.0,3.0,ELEMENTARY
1226,1.0,66.0,1.0,ELEMENTARY
1238,1.0,26.0,2.0,ELEMENTARY
1239,2.0,35.0,1.0,ELEMENTARY
1244,1.0,1.0,3.0,ELEMENTARY
1245,1.0,237.0,3.0,ELEMENTARY
1247,1.0,5.397605346934027e-79,1.0,ELEMENTARY
1249,2.0,54.0,1.0,ELEMENTARY
1252,1.0,145.0,4.0,ELEMENTARY
1260,2.0,1.0,3.0,ELEMENTARY
1270,2.0,61.0,1.0,ELEMENTARY
1271,2.0,17.0,4.0,ELEMENTARY
1275,1.0,35.0,4.0,ELEMENTARY
1283,1.0,4.0,1.0,ELEMENTARY
1285,1.0,6.0,1.0,ELEMENTARY
1286,2.0,18.0,1.0,ELEMENTARY
1288,1.0,54.0,3.0,ELEMENTARY
1291,2.0,47.0,3.0,ELEMENTARY
1294,2.0,62.0,3.0,ELEMENTARY
1295,2.0,11.0,4.0,ELEMENTARY
1298,2.0,50.0,4.0,ELEMENTARY
1299,1.0,13.0,3.0,ELEMENTARY
1305,1.0,12.0,1.0,ELEMENTARY
1308,1.0,50.0,3.0,ELEMENTARY
1319,2.0,18.0,1.0,ELEMENTARY
1322,2.0,2.0,1.0,ELEMENTARY
1323,1.0,9.0,1.0,ELEMENTARY
1324,2.0,46.0,2.0,ELEMENTARY
1330,2.0,51.0,4.0,ELEMENTARY
1336,1.0,675.0,4.0,HIGHSCHOOL
1339,2.0,28.0,1.0,ELEMENTARY
1341,2.0,65.0,4.0,ELEMENTARY
1343,2.0,488.0,2.0,ELEMENTARY
1344,2.0,71.0,5.0,ELEMENTARY
1346,1.0,13.0,4.0,ELEMENTARY
1355,1.0,123.0,5.0,ELEMENTARY
1359,1.0,4.0,1.0,ELEMENTARY
1360,1.0,64.0,3.0,ELEMENTARY
1365,2.0,2.0,5.0,ELEMENTARY
1369,2.0,10.0,1.0,ELEMENTARY
1380,2.0,279.0,3.0,HIGHSCHOOL
1383,1.0,54.0,4.0,ELEMENTARY
1385,1.0,1.0,2.0,ELEMENTARY
1398,2.0,8.0,1.0,ELEMENTARY
1406,2.0,4.0,1.0,ELEMENTARY
1408,2.0,51.0,4.0,ELEMENTARY
1409,2.0,56.0,1.0,ELEMENTARY
1415,1.0,71.0,4.0,ELEMENTARY
1418,1.0,9.0,3.0,ELEMENTARY
1419,2.0,182.0,2.0,ELEMENTARY
1420,1.0,6.0,1.0,ELEMENTARY
1427,2.0,59.0,1.0,ELEMENTARY
1430,1.0,3.0,3.0,ELEMENTARY
1434,1.0,56.0,1.0,ELEMENTARY
1435,1.0,31.0,1.0,ELEMENTARY
1436,1.0,51.0,2.0,ELEMENTARY
1441,2.0,48.0,3.0,ELEMENTARY
1442,1.0,26.0,2.0,ELEMENTARY
1444,1.0,5.397605346934027e-79,4.0,ELEMENTARY
1452,2.0,21.0,3.0,ELEMENTARY
1455,2.0,405.0,1.0,HIGHSCHOOL
1457,2.0,7.0,3.0,ELEMENTARY
1460,1.0,10.0,1.0,ELEMENTARY
1463,1.0,33.0,3.0,ELEMENTARY
1466,1.0,34.0,1.0,ELEMENTARY
1468,1.0,64.0,3.0,ELEMENTARY
1480,1.0,71.0,1.0,ELEMENTARY
1481,1.0,2.0,3.0,ELEMENTARY
1484,2.0,400.0,4.0,ELEMENTARY
1485,1.0,44.0,3.0,ELEMENTARY
1490,2.0,25.0,1.0,ELEMENTARY
1501,2.0,25.0,1.0,ELEMENTARY
1506,1.0,1.0,3.0,ELEMENTARY
1510,2.0,63.0,1.0,ELEMENTARY
1531,1.0,3.0,1.0,ELEMENTARY
1532,2.0,57.0,3.0,ELEMENTARY
1537,1.0,25.0,5.0,ELEMENTARY
1540,1.0,16.0,4.0,ELEMENTARY
1542,2.0,15.0,2.0,ELEMENTARY
1551,1.0,66.0,3.0,ELEMENTARY
1552,2.0,64.0,4.0,ELEMENTARY
1555,1.0,15.0,1.0,ELEMENTARY
1567,2.0,1068.0,3.0,HIGHSCHOOL
1572,1.0,66.0,4.0,ELEMENTARY
1574,1.0,20.0,3.0,ELEMENTARY
1575,2.0,6.0,1.0,ELEMENTARY
1578,2.0,16.0,3.0,ELEMENTARY
1580,2.0,34.0,4.0,ELEMENTARY
1596,1.0,130.0,4.0,ELEMENTARY
1601,2.0,8.0,1.0,ELEMENTARY
1609,2.0,31.0,1.0,ELEMENTARY
1613,2.0,16.0,1.0,ELEMENTARY
1625,1.0,43.0,3.0,ELEMENTARY
1627,1.0,67.0,4.0,ELEMENTARY
1630,2.0,336.0,3.0,COLLEGE
1637,1.0,46.0,4.0,ELEMENTARY
1639,1.0,59.0,1.0,ELEMENTARY
1645,2.0,47.0,1.0,ELEMENTARY
1647,1.0,33.0,3.0,ELEMENTARY
1653,1.0,10.0,3.0,ELEMENTARY
1655,1.0,5.397605346934027e-79,1.0,ELEMENTARY
1657,2.0,1010.0,3.0,ELEMENTARY
1665,2.0,748.0,1.0,ELEMENTARY
1666,1.0,31.0,1.0,ELEMENTARY
1668,2.0,292.0,4.0,HIGHSCHOOL
1671,2.0,19.0,1.0,ELEMENTARY
1678,2.0,57.0,1.0,ELEMENTARY
1684,2.0,31.0,1.0,ELEMENTARY
1689,1.0,10.0,4.0,ELEMENTARY
1691,1.0,33.0,4.0,ELEMENTARY
1701,1.0,1.0,3.0,ELEMENTARY
1707,1.0,6.0,1.0,ELEMENTARY
1716,1.0,8.0,3.0,ELEMENTARY
1717,1.0,57.0,1.0,ELEMENTARY
1719,2.0,6.0,3.0,ELEMENTARY
1724,1.0,60.0,3.0,ELEMENTARY
1725,2.0,6.0,5.0,ELEMENTARY
1726,2.0,7.0,5.0,ELEMENTARY
1729,2.0,427.0,3.0,HIGHSCHOOL
1733,2.0,13.0,3.0,ELEMENTARY
1734,1.0,71.0,4.0,ELEMENTARY
1735,2.0,11.0,3.0,ELEMENTARY
1736,1.0,29.0,4.0,ELEMENTARY
1737,1.0,66.0,4.0,ELEMENTARY
1745,1.0,9.0,5.0,ELEMENTARY
1756,1.0,224.0,1.0,ELEMENTARY
1759,1.0,38.0,1.0,ELEMENTARY
1769,1.0,28.0,4.0,ELEMENTARY
1771,1.0,24.0,1.0,ELEMENTARY
1780,1.0,1.0,1.0,ELEMENTARY
1785,2.0,16.0,1.0,ELEMENTARY
1806,2.0,65.0,1.0,ELEMENTARY
1809,1.0,48.0,4.0,ELEMENTARY
1815,1.0,27.0,1.0,ELEMENTARY
1822,1.0,28.0,4.0,ELEMENTARY
1824,1.0,1.0,5.0,ELEMENTARY
1826,1.0,223.0,1.0,ELEMENTARY
1830,1.0,1.0,1.0,ELEMENTARY
1834,2.0,10.0,1.0,ELEMENTARY
1840,2.0,33.0,4.0,ELEMENTARY
1841,2.0,3.0,3.0,ELEMENTARY
1843,1.0,7.0,5.0,ELEMENTARY
1847,1.0,31.0,1.0,ELEMENTARY
1863,2.0,24.0,4.0,ELEMENTARY
1868,2.0,55.0,1.0,ELEMENTARY
1877,2.0,702.0,3.0,HIGHSCHOOL
1882,2.0,28.0,4.0,ELEMENTARY
1883,1.0,301.0,1.0,ELEMENTARY
1885,1.0,693.0,3.0,COLLEGE
1889,2.0,216.0,3.0,ELEMENTARY
1891,1.0,25.0,1.0,ELEMENTARY
1892,2.0,9.0,3.0,ELEMENTARY
1894,1.0,35.0,3.0,ELEMENTARY
1898,1.0,5.397605346934027e-79,1.0,ELEMENTARY
1900,1.0,40.0,4.0,ELEMENTARY
1905,2.0,21.0,3.0,ELEMENTARY
1908,1.0,6.0,4.0,ELEMENTARY
1911,1.0,3.0,1.0,ELEMENTARY
1918,1.0,5.397605346934027e-79,3.0,ELEMENTARY
1925,1.0,24.0,3.0,ELEMENTARY
1927,1.0,37.0,1.0,ELEMENTARY
1937,1.0,3.0,5.0,ELEMENTARY
1941,1.0,7.0,3.0,ELEMENTARY
1947,1.0,4.0,1.0,ELEMENTARY
1951,2.0,2.0,1.0,ELEMENTARY
1956,1.0,41.0,5.0,ELEMENTARY
1960,2.0,41.0,3.0,ELEMENTARY
1962,1.0,28.0,4.0,ELEMENTARY
1964,1.0,3.0,4.0,ELEMENTARY
1971,1.0,3.0,3.0,ELEMENTARY
1975,2.0,43.0,1.0,ELEMENTARY
1985,1.0,60.0,4.0,ELEMENTARY
1991,2.0,32.0,1.0,ELEMENTARY
1992,2.0,57.0,4.0,ELEMENTARY
1999,1.0,717.0,3.0,OTHERS
2002,1.0,18.0,3.0,ELEMENTARY
2006,2.0,165.0,4.0,ELEMENTARY
2011,2.0,4.0,3.0,ELEMENTARY
2015,2.0,19.0,3.0,ELEMENTARY
2020,1.0,55.0,4.0,ELEMENTARY
2021,1.0,14.0,1.0,ELEMENTARY
2022,2.0,6.0,3.0,ELEMENTARY
2023,1.0,16.0,3.0,ELEMENTARY
2024,1.0,36.0,2.0,ELEMENTARY
2028,1.0,69.0,2.0,ELEMENTARY
2030,1.0,16.0,1.0,ELEMENTARY
2032,1.0,20.0,1.0,ELEMENTARY
2037,2.0,45.0,4.0,ELEMENTARY
2053,1.0,39.0,2.0,ELEMENTARY
2067,2.0,1.0,1.0,ELEMENTARY
2072,2.0,7.0,4.0,ELEMENTARY
2077,1.0,1.0,3.0,ELEMENTARY
2078,1.0,54.0,4.0,ELEMENTARY
2083,1.0,61.0,3.0,ELEMENTARY
2085,1.0,7.0,1.0,ELEMENTARY
2091,1.0,31.0,3.0,ELEMENTARY
2107,1.0,62.0,1.0,ELEMENTARY
2121,2.0,4.0,3.0,ELEMENTARY
2123,2.0,15.0,1.0,ELEMENTARY
2125,2.0,9.0,4.0,ELEMENTARY
2128,2.0,20.0,4.0,ELEMENTARY
2131,2.0,54.0,1.0,ELEMENTARY
2137,1.0,245.0,3.0,HIGHSCHOOL
2140,1.0,24.0,2.0,ELEMENTARY
2141,2.0,772.0,3.0,OTHERS
2142,2.0,97.0,4.0,ELEMENTARY
2146,2.0,462.0,3.0,COLLEGE
2149,1.0,181.0,1.0,ELEMENTARY
2161,2.0,31.0,1.0,ELEMENTARY
2165,1.0,55.0,5.0,ELEMENTARY
2166,2.0,21.0,1.0,ELEMENTARY
2170,2.0,7.0,1.0,ELEMENTARY
2171,1.0,199.0,4.0,ELEMENTARY
2172,1.0,6.0,3.0,ELEMENTARY
2174,2.0,7.0,3.0,ELEMENTARY
2177,1.0,8.0,3.0,ELEMENTARY
2183,1.0,16.0,1.0,ELEMENTARY
2186,2.0,44.0,4.0,ELEMENTARY
2187,2.0,21.0,1.0,ELEMENTARY
2191,2.0,45.0,3.0,ELEMENTARY
2195,2.0,9.0,5.0,ELEMENTARY
2199,1.0,7.0,3.0,ELEMENTARY
2206,1.0,54.0,1.0,ELEMENTARY
2207,2.0,176.0,4.0,ELEMENTARY
2209,1.0,11.0,1.0,ELEMENTARY
2212,2.0,59.0,3.0,ELEMENTARY
2213,2.0,30.0,1.0,ELEMENTARY
2214,1.0,62.0,4.0,ELEMENTARY
2215,2.0,10.0,4.0,ELEMENTARY
2216,2.0,2.0,1.0,ELEMENTARY
2223,1.0,27.0,4.0,ELEMENTARY
2226,1.0,22.0,3.0,ELEMENTARY
2227,1.0,11.0,1.0,ELEMENTARY
2242,1.0,15.0,1.0,ELEMENTARY
2246,2.0,1.0,3.0,ELEMENTARY
2251,1.0,37.0,3.0,ELEMENTARY
2255,1.0,62.0,4.0,ELEMENTARY
2261,2.0,2.0,4.0,ELEMENTARY
2271,1.0,3.0,1.0,ELEMENTARY
2274,1.0,281.0,3.0,OTHERS
2278,1.0,43.0,1.0,ELEMENTARY
2280,2.0,58.0,1.0,ELEMENTARY
2281,1.0,57.0,4.0,ELEMENTARY
2290,2.0,39.0,5.0,ELEMENTARY
2294,1.0,64.0,1.0,ELEMENTARY
2295,2.0,47.0,4.0,ELEMENTARY
2300,2.0,15.0,1.0,ELEMENTARY
2304,2.0,29.0,3.0,ELEMENTARY
2306,1.0,56.0,1.0,ELEMENTARY
2313,2.0,51.0,1.0,ELEMENTARY
2329,2.0,38.0,1.0,ELEMENTARY
2332,1.0,6.0,5.0,ELEMENTARY
2333,1.0,54.0,4.0,ELEMENTARY
2335,1.0,211.0,5.0,ELEMENTARY
2336,1.0,63.0,3.0,ELEMENTARY
2345,1.0,42.0,3.0,ELEMENTARY
2346,2.0,471.0,3.0,HIGHSCHOOL
2353,2.0,10.0,1.0,ELEMENTARY
2354,2.0,6.0,1.0,ELEMENTARY
2355,1.0,15.0,4.0,ELEMENTARY
2359,1.0,2.0,5.0,ELEMENTARY
2366,1.0,5.0,1.0,ELEMENTARY
2368,1.0,20.0,2.0,ELEMENTARY
2371,1.0,16.0,1.0,ELEMENTARY
2372,1.0,56.0,4.0,ELEMENTARY
2384,2.0,9.0,1.0,ELEMENTARY
2386,1.0,24.0,1.0,ELEMENTARY
2388,1.0,731.0,1.0,ELEMENTARY
2394,2.0,5.397605346934027e-79,3.0,ELEMENTARY
2395,1.0,70.0,1.0,ELEMENTARY
2410,1.0,52.0,3.0,ELEMENTARY
2420,1.0,294.0,1.0,HIGHSCHOOL
2428,2.0,46.0,1.0,ELEMENTARY
2437,2.0,1068.0,3.0,OTHERS
2444,1.0,1.0,1.0,ELEMENTARY
2445,1.0,42.0,1.0,ELEMENTARY
2453,2.0,44.0,3.0,ELEMENTARY
2459,2.0,53.0,2.0,ELEMENTARY
2466,2.0,60.0,1.0,ELEMENTARY
2471,1.0,291.0,3.0,COLLEGE
2472,1.0,58.0,3.0,ELEMENTARY
2474,2.0,34.0,1.0,ELEMENTARY
2475,1.0,487.0,2.0,OTHERS
2476,1.0,31.0,3.0,ELEMENTARY
2486,2.0,24.0,3.0,ELEMENTARY
2495,2.0,60.0,3.0,ELEMENTARY
2496,2.0,16.0,4.0,ELEMENTARY
2499,2.0,9.0,3.0,ELEMENTARY
2501,1.0,36.0,3.0,ELEMENTARY
2509,1.0,32.0,1.0,ELEMENTARY
2511,1.0,17.0,3.0,ELEMENTARY
2523,2.0,9.0,1.0,ELEMENTARY
2524,1.0,53.0,1.0,ELEMENTARY
2527,2.0,51.0,1.0,ELEMENTARY
2528,2.0,452.0,3.0,COLLEGE
2537,1.0,16.0,1.0,ELEMENTARY
2544,1.0,44.0,4.0,ELEMENTARY
2545,2.0,39.0,3.0,ELEMENTARY
2551,1.0,244.0,1.0,OTHERS
2556,1.0,593.0,1.0,ELEMENTARY
2558,2.0,33.0,1.0,ELEMENTARY
2559,2.0,34.0,5.0,ELEMENTARY
2562,1.0,31.0,3.0,ELEMENTARY
2565,1.0,26.0,1.0,ELEMENTARY
2570,1.0,60.0,4.0,ELEMENTARY
2574,2.0,55.0,1.0,ELEMENTARY
2576,2.0,43.0,5.0,ELEMENTARY
2577,1.0,128.0,3.0,ELEMENTARY
2578,2.0,57.0,1.0,ELEMENTARY
2579,1.0,34.0,3.0,ELEMENTARY
2580,1.0,22.0,1.0,ELEMENTARY
2583,2.0,27.0,4.0,ELEMENTARY
2587,1.0,973.0,1.0,ELEMENTARY
2589,1.0,311.0,2.0,ELEMENTARY
2590,2.0,28.0,1.0,ELEMENTARY
2596,1.0,16.0,3.0,ELEMENTARY
2597,1.0,245.0,1.0,HIGHSCHOOL
2622,1.0,27.0,3.0,ELEMENTARY
2625,2.0,31.0,1.0,ELEMENTARY
2631,1.0,17.0,4.0,ELEMENTARY
2632,2.0,58.0,3.0,ELEMENTARY
2633,1.0,60.0,1.0,ELEMENTARY
2636,2.0,5.0,1.0,ELEMENTARY
2637,2.0,44.0,4.0,ELEMENTARY
2642,1.0,812.0,3.0,HIGHSCHOOL
2645,1.0,19.0,1.0,ELEMENTARY
2649,2.0,52.0,4.0,ELEMENTARY
2658,1.0,55.0,3.0,ELEMENTARY
2664,1.0,68.0,5.0,ELEMENTARY
2667,1.0,7.0,1.0,ELEMENTARY
2677,2.0,6.0,1.0,ELEMENTARY
2680,2.0,6.0,1.0,ELEMENTARY
2684,1.0,203.0,1.0,ELEMENTARY
2693,1.0,44.0,3.0,ELEMENTARY
2695,1.0,622.0,3.0,OTHERS
2699,2.0,13.0,4.0,ELEMENTARY
2702,1.0,6.0,3.0,ELEMENTARY
2705,1.0,926.0,3.0,OTHERS
2710,2.0,12.0,2.0,ELEMENTARY
2716,2.0,6.0,1.0,ELEMENTARY
2722,2.0,583.0,4.0,OTHERS
2732,1.0,6.0,1.0,ELEMENTARY
2735,1.0,36.0,5.0,ELEMENTARY
2738,1.0,2.0,1.0,ELEMENTARY
2741,2.0,54.0,2.0,ELEMENTARY
2742,2.0,25.0,1.0,ELEMENTARY
2746,2.0,29.0,1.0,ELEMENTARY
2748,1.0,59.0,4.0,ELEMENTARY
2751,1.0,1.0,1.0,ELEMENTARY
2754,1.0,356.0,4.0,ELEMENTARY
2756,1.0,4.0,1.0,ELEMENTARY
2760,1.0,9.0,1.0,ELEMENTARY
2764,1.0,47.0,1.0,ELEMENTARY
2766,2.0,1.0,2.0,ELEMENTARY
2769,2.0,15.0,1.0,ELEMENTARY
2770,1.0,1.0,3.0,ELEMENTARY
2771,2.0,14.0,4.0,ELEMENTARY
2776,1.0,55.0,3.0,ELEMENTARY
2778,1.0,2.0,1.0,ELEMENTARY
2782,1.0,12.0,1.0,ELEMENTARY
2796,1.0,603.0,4.0,OTHERS
2806,2.0,23.0,3.0,ELEMENTARY
2810,2.0,5.397605346934027e-79,4.0,ELEMENTARY
2812,1.0,36.0,1.0,ELEMENTARY
2813,2.0,42.0,1.0,ELEMENTARY
2816,1.0,240.0,1.0,ELEMENTARY
2819,1.0,22.0,5.0,ELEMENTARY
2835,2.0,22.0,2.0,ELEMENTARY
2837,2.0,8.0,1.0,ELEMENTARY
2843,1.0,9.0,3.0,ELEMENTARY
2846,2.0,7.0,1.0,ELEMENTARY
2853,1.0,177.0,4.0,ELEMENTARY
2864,1.0,21.0,3.0,ELEMENTARY
2869,1.0,16.0,1.0,ELEMENTARY
2870,1.0,17.0,1.0,ELEMENTARY
2872,2.0,11.0,5.0,ELEMENTARY
2891,1.0,31.0,1.0,ELEMENTARY
2892,1.0,1.0,4.0,ELEMENTARY
2897,1.0,54.0,1.0,ELEMENTARY
2898,2.0,6.0,5.0,ELEMENTARY
2906,1.0,57.0,4.0,ELEMENTARY
2907,1.0,23.0,3.0,ELEMENTARY
2912,1.0,40.0,4.0,ELEMENTARY
2921,2.0,25.0,3.0,ELEMENTARY
2926,2.0,13.0,4.0,ELEMENTARY
2928,2.0,46.0,4.0,ELEMENTARY
2945,1.0,58.0,3.0,ELEMENTARY
2948,1.0,14.0,4.0,ELEMENTARY
2949,1.0,62.0,1.0,ELEMENTARY
2950,2.0,4.0,1.0,ELEMENTARY
2954,1.0,59.0,1.0,ELEMENTARY
2962,1.0,59.0,3.0,ELEMENTARY
2977,2.0,65.0,1.0,ELEMENTARY
2979,2.0,33.0,1.0,ELEMENTARY
2983,1.0,7.0,1.0,ELEMENTARY
2985,2.0,122.0,3.0,ELEMENTARY
2988,2.0,41.0,3.0,ELEMENTARY
3012,1.0,15.0,1.0,ELEMENTARY
3022,2.0,9.0,1.0,ELEMENTARY
3026,2.0,22.0,1.0,ELEMENTARY
3032,2.0,882.0,3.0,HIGHSCHOOL
3033,1.0,10.0,1.0,ELEMENTARY
3050,2.0,65.0,4.0,ELEMENTARY
3051,1.0,12.0,3.0,ELEMENTARY
3063,2.0,10.0,5.0,ELEMENTARY
3065,2.0,35.0,4.0,ELEMENTARY
3068,1.0,21.0,1.0,ELEMENTARY
3070,1.0,8.0,1.0,ELEMENTARY
3072,1.0,35.0,3.0,ELEMENTARY
3073,2.0,3.0,1.0,ELEMENTARY
3074,1.0,69.0,1.0,ELEMENTARY
3083,1.0,731.0,1.0,ELEMENTARY
3095,1.0,21.0,3.0,ELEMENTARY
3102,1.0,31.0,3.0,ELEMENTARY
3105,2.0,29.0,1.0,ELEMENTARY
3110,1.0,56.0,3.0,ELEMENTARY
3111,2.0,59.0,4.0,ELEMENTARY
3115,1.0,11.0,1.0,ELEMENTARY
3116,2.0,26.0,3.0,ELEMENTARY
3117,2.0,769.0,1.0,ELEMENTARY
3119,1.0,55.0,1.0,ELEMENTARY
3128,2.0,15.0,3.0,ELEMENTARY
3131,1.0,54.0,1.0,ELEMENTARY
3133,1.0,11.0,3.0,ELEMENTARY
3134,1.0,19.0,1.0,ELEMENTARY
3135,1.0,441.0,4.0,OTHERS
3137,2.0,13.0,1.0,ELEMENTARY
3140,1.0,594.0,3.0,COLLEGE
3144,2.0,26.0,1.0,ELEMENTARY
3152,2.0,6.0,3.0,ELEMENTARY
3158,2.0,203.0,1.0,ELEMENTARY
3170,1.0,313.0,4.0,COLLEGE
3181,2.0,14.0,4.0,ELEMENTARY
3188,1.0,63.0,3.0,ELEMENTARY
3189,2.0,6.0,2.0,ELEMENTARY
3194,1.0,31.0,3.0,ELEMENTARY
3195,2.0,8.0,1.0,ELEMENTARY
3196,1.0,1.0,4.0,ELEMENTARY
3197,2.0,18.0,1.0,ELEMENTARY
3203,2.0,7.0,4.0,ELEMENTARY
3210,1.0,44.0,3.0,ELEMENTARY
3215,2.0,30.0,1.0,ELEMENTARY
3222,2.0,46.0,1.0,ELEMENTARY
3230,2.0,60.0,1.0,ELEMENTARY
3235,1.0,13.0,5.0,ELEMENTARY
3242,2.0,767.0,4.0,ELEMENTARY
3258,2.0,19.0,1.0,ELEMENTARY
3259,1.0,35.0,3.0,ELEMENTARY
3265,2.0,3.0,1.0,ELEMENTARY
3273,2.0,40.0,4.0,ELEMENTARY
3277,2.0,1.0,1.0,ELEMENTARY
3286,2.0,176.0,5.0,ELEMENTARY
3299,1.0,66.0,3.0,ELEMENTARY
3301,2.0,14.0,3.0,ELEMENTARY
3302,1.0,39.0,4.0,ELEMENTARY
3309,1.0,26.0,4.0,ELEMENTARY
3313,1.0,31.0,5.0,ELEMENTARY
3314,1.0,60.0,4.0,ELEMENTARY
3318,1.0,9.0,3.0,ELEMENTARY
3319,2.0,16.0,1.0,ELEMENTARY
3320,1.0,25.0,4.0,ELEMENTARY
3324,2.0,11.0,3.0,ELEMENTARY
3326,1.0,23.0,3.0,ELEMENTARY
3333,2.0,16.0,4.0,ELEMENTARY
3339,2.0,53.0,3.0,ELEMENTARY
3344,1.0,12.0,3.0,ELEMENTARY
3349,2.0,69.0,3.0,ELEMENTARY
3359,2.0,14.0,3.0,ELEMENTARY
3362,2.0,16.0,3.0,ELEMENTARY
3365,2.0,40.0,4.0,ELEMENTARY
3366,2.0,28.0,3.0,ELEMENTARY
3367,1.0,59.0,1.0,ELEMENTARY
3368,1.0,40.0,4.0,ELEMENTARY
3376,1.0,55.0,4.0,ELEMENTARY
3384,1.0,64.0,1.0,ELEMENTARY
3394,2.0,70.0,4.0,ELEMENTARY
3402,2.0,6.0,3.0,ELEMENTARY
3406,1.0,5.0,4.0,ELEMENTARY
3410,1.0,28.0,1.0,ELEMENTARY
3412,2.0,55.0,1.0,ELEMENTARY
3418,2.0,54.0,4.0,ELEMENTARY
3422,2.0,36.0,1.0,ELEMENTARY
3425,2.0,17.0,3.0,ELEMENTARY
3426,1.0,571.0,2.0,COLLEGE
3431,1.0,43.0,4.0,ELEMENTARY
3433,1.0,67.0,4.0,ELEMENTARY
3440,2.0,19.0,4.0,ELEMENTARY
3441,2.0,28.0,3.0,ELEMENTARY
3449,2.0,16.0,3.0,ELEMENTARY
3453,2.0,5.397605346934027e-79,3.0,ELEMENTARY
3458,1.0,67.0,4.0,ELEMENTARY
3460,2.0,12.0,3.0,ELEMENTARY
3461,2.0,24.0,3.0,ELEMENTARY
3462,2.0,40.0,3.0,ELEMENTARY
3471,1.0,2.0,4.0,ELEMENTARY
3473,1.0,128.0,4.0,ELEMENTARY
3474,2.0,55.0,4.0,ELEMENTARY
3483,2.0,24.0,3.0,ELEMENTARY
3484,2.0,251.0,2.0,HIGHSCHOOL
3489,2.0,15.0,1.0,ELEMENTARY
3499,1.0,19.0,4.0,ELEMENTARY
3502,1.0,29.0,4.0,ELEMENTARY
3512,1.0,64.0,3.0,ELEMENTARY
3519,1.0,39.0,3.0,ELEMENTARY
3524,2.0,5.397605346934027e-79,1.0,ELEMENTARY
3527,2.0,54.0,1.0,ELEMENTARY
3528,2.0,4.0,2.0,ELEMENTARY
3530,2.0,54.0,1.0,ELEMENTARY
3531,2.0,22.0,1.0,ELEMENTARY
3532,2.0,145.0,1.0,ELEMENTARY
3533,1.0,10.0,4.0,ELEMENTARY
3537,1.0,962.0,3.0,ELEMENTARY
3539,2.0,10.0,1.0,ELEMENTARY
3541,1.0,37.0,1.0,ELEMENTARY
3543,1.0,47.0,2.0,ELEMENTARY
3549,1.0,57.0,2.0,ELEMENTARY
3551,2.0,61.0,3.0,ELEMENTARY
3552,2.0,45.0,1.0,ELEMENTARY
3553,2.0,57.0,1.0,ELEMENTARY
3555,1.0,31.0,4.0,ELEMENTARY
3559,2.0,204.0,3.0,ELEMENTARY
3561,1.0,59.0,4.0,ELEMENTARY
3564,1.0,4.0,1.0,ELEMENTARY
3566,2.0,5.0,1.0,ELEMENTARY
3567,2.0,981.0,3.0,HIGHSCHOOL
3568,1.0,21.0,1.0,ELEMENTARY
3574,2.0,28.0,2.0,ELEMENTARY
3575,2.0,10.0,1.0,ELEMENTARY
3579,2.0,67.0,1.0,ELEMENTARY
3581,2.0,29.0,4.0,ELEMENTARY
3582,1.0,960.0,1.0,ELEMENTARY
3594,2.0,51.0,5.0,ELEMENTARY
3598,1.0,14.0,1.0,ELEMENTARY
3605,2.0,4.0,5.0,ELEMENTARY
3609,2.0,66.0,1.0,ELEMENTARY
3611,2.0,5.397605346934027e-79,3.0,ELEMENTARY
3614,1.0,62.0,4.0,ELEMENTARY
3619,1.0,6.0,1.0,ELEMENTARY
3622,1.0,26.0,1.0,ELEMENTARY
3625,2.0,272.0,1.0,ELEMENTARY
3628,2.0,45.0,5.0,ELEMENTARY
3631,1.0,44.0,3.0,ELEMENTARY
3637,2.0,9.0,1.0,ELEMENTARY
3638,2.0,5.397605346934027e-79,1.0,ELEMENTARY
3640,1.0,41.0,4.0,ELEMENTARY
3645,1.0,12.0,1.0,ELEMENTARY
3664,2.0,60.0,1.0,ELEMENTARY
3673,1.0,4.0,3.0,ELEMENTARY
3675,2.0,152.0,3.0,ELEMENTARY
3677,2.0,5.397605346934027e-79,1.0,ELEMENTARY
3679,1.0,53.0,4.0,ELEMENTARY
3682,2.0,2.0,1.0,ELEMENTARY
3683,2.0,9.0,1.0,ELEMENTARY
3689,1.0,1009.0,3.0,ELEMENTARY
3696,2.0,300.0,1.0,ELEMENTARY
3702,1.0,53.0,5.0,ELEMENTARY
3709,2.0,84.0,5.0,ELEMENTARY
3713,2.0,62.0,4.0,ELEMENTARY
3720,2.0,39.0,3.0,ELEMENTARY
3725,1.0,15.0,1.0,ELEMENTARY
3726,2.0,176.0,2.0,ELEMENTARY
3734,1.0,14.0,4.0,ELEMENTARY
3745,2.0,55.0,3.0,ELEMENTARY
3749,1.0,14.0,3.0,ELEMENTARY
3751,1.0,37.0,3.0,ELEMENTARY
3756,2.0,150.0,1.0,ELEMENTARY
3763,2.0,845.0,4.0,ELEMENTARY
3764,1.0,1.0,1.0,ELEMENTARY
3767,2.0,64.0,4.0,ELEMENTARY
3768,2.0,29.0,1.0,ELEMENTARY
3769,1.0,2.0,1.0,ELEMENTARY
3771,2.0,64.0,1.0,ELEMENTARY
3773,1.0,5.0,3.0,ELEMENTARY
3782,2.0,2.0,1.0,ELEMENTARY
3789,2.0,24.0,2.0,ELEMENTARY
3794,2.0,415.0,3.0,COLLEGE
3804,1.0,22.0,2.0,ELEMENTARY
3805,1.0,11.0,1.0,ELEMENTARY
3809,2.0,62.0,1.0,ELEMENTARY
3813,2.0,6.0,1.0,ELEMENTARY
3815,2.0,33.0,1.0,ELEMENTARY
3816,2.0,41.0,3.0,ELEMENTARY
3821,2.0,28.0,1.0,ELEMENTARY
3830,2.0,13.0,2.0,ELEMENTARY
3831,2.0,18.0,3.0,ELEMENTARY
3832,1.0,67.0,4.0,ELEMENTARY
3836,2.0,7.0,2.0,ELEMENTARY
3837,2.0,37.0,2.0,ELEMENTARY
3841,2.0,2.0,5.0,ELEMENTARY
3842,2.0,25.0,1.0,ELEMENTARY
3851,2.0,21.0,4.0,ELEMENTARY
3873,1.0,45.0,4.0,ELEMENTARY
3884,1.0,61.0,1.0,ELEMENTARY
3887,1.0,11.0,3.0,ELEMENTARY
3889,1.0,6.0,2.0,ELEMENTARY
3893,1.0,13.0,1.0,ELEMENTARY
3899,1.0,7.0,1.0,ELEMENTARY
3901,2.0,66.0,2.0,ELEMENTARY
3903,1.0,24.0,4.0,ELEMENTARY
3904,2.0,561.0,3.0,OTHERS
3905,2.0,886.0,3.0,OTHERS
3910,1.0,15.0,1.0,ELEMENTARY
3912,1.0,51.0,1.0,ELEMENTARY
3916,2.0,23.0,3.0,ELEMENTARY
3917,2.0,6.0,1.0,ELEMENTARY
3927,1.0,5.0,3.0,ELEMENTARY
3932,1.0,9.0,4.0,ELEMENTARY
3933,1.0,27.0,1.0,ELEMENTARY
3937,1.0,31.0,3.0,ELEMENTARY
3939,1.0,802.0,3.0,ELEMENTARY
3941,2.0,58.0,1.0,ELEMENTARY
3947,1.0,5.397605346934027e-79,1.0,ELEMENTARY
3958,2.0,384.0,3.0,COLLEGE
3966,2.0,5.0,3.0,ELEMENTARY
3969,1.0,138.0,3.0,ELEMENTARY
3976,1.0,34.0,3.0,ELEMENTARY
3977,2.0,1.0,1.0,ELEMENTARY
3978,2.0,132.0,1.0,ELEMENTARY
3979,1.0,37.0,2.0,ELEMENTARY
3991,2.0,68.0,2.0,ELEMENTARY
3997,2.0,311.0,1.0,ELEMENTARY
4002,2.0,15.0,1.0,ELEMENTARY
4013,2.0,21.0,4.0,ELEMENTARY
4014,2.0,52.0,2.0,ELEMENTARY
4018,1.0,52.0,1.0,ELEMENTARY
4023,1.0,334.0,3.0,OTHERS
4029,2.0,1068.0,4.0,ELEMENTARY
4031,2.0,23.0,4.0,ELEMENTARY
4037,2.0,33.0,1.0,ELEMENTARY
4043,1.0,38.0,1.0,ELEMENTARY
4049,2.0,63.0,2.0,ELEMENTARY
4052,2.0,30.0,1.0,ELEMENTARY
4055,1.0,33.0,3.0,ELEMENTARY
4065,1.0,11.0,3.0,ELEMENTARY
4066,1.0,7.0,5.0,ELEMENTARY
4067,1.0,35.0,4.0,ELEMENTARY
4092,2.0,369.0,4.0,COLLEGE
4093,1.0,497.0,3.0,COLLEGE
4096,1.0,11.0,3.0,ELEMENTARY
4102,1.0,23.0,2.0,ELEMENTARY
4103,2.0,10.0,4.0,ELEMENTARY
4104,2.0,16.0,3.0,ELEMENTARY
4107,2.0,968.0,3.0,OTHERS
4115,1.0,52.0,4.0,ELEMENTARY
4117,2.0,234.0,1.0,HIGHSCHOOL
4119,1.0,5.397605346934027e-79,3.0,ELEMENTARY
4123,1.0,27.0,1.0,ELEMENTARY
4124,1.0,90.0,4.0,ELEMENTARY
4132,1.0,29.0,1.0,ELEMENTARY
4137,1.0,15.0,3.0,ELEMENTARY
4140,2.0,56.0,4.0,ELEMENTARY
4145,2.0,28.0,3.0,ELEMENTARY
4148,1.0,44.0,3.0,ELEMENTARY
4149,2.0,18.0,3.0,ELEMENTARY
4152,1.0,9.0,1.0,ELEMENTARY
4162,2.0,12.0,1.0,ELEMENTARY
4166,1.0,189.0,2.0,ELEMENTARY
4167,2.0,66.0,4.0,ELEMENTARY
4196,2.0,26.0,3.0,ELEMENTARY
4205,1.0,31.0,4.0,ELEMENTARY
4206,2.0,67.0,4.0,ELEMENTARY
4211,1.0,32.0,3.0,ELEMENTARY
4219,1.0,71.0,3.0,ELEMENTARY
4220,2.0,9.0,1.0,ELEMENTARY
4229,1.0,32.0,3.0,ELEMENTARY
4231,2.0,70.0,3.0,ELEMENTARY
4232,2.0,8.0,1.0,ELEMENTARY
4233,1.0,37.0,5.0,ELEMENTARY
4234,1.0,4.0,5.0,ELEMENTARY
4236,2.0,34.0,3.0,ELEMENTARY
4238,1.0,18.0,1.0,ELEMENTARY
4239,2.0,56.0,3.0,ELEMENTARY
4243,2.0,63.0,1.0,ELEMENTARY
4246,2.0,57.0,3.0,ELEMENTARY
4252,1.0,8.0,1.0,ELEMENTARY
4260,2.0,64.0,4.0,ELEMENTARY
4261,1.0,38.0,1.0,ELEMENTARY
4263,2.0,252.0,3.0,ELEMENTARY
4271,1.0,30.0,4.0,ELEMENTARY
4273,1.0,15.0,4.0,ELEMENTARY
4274,2.0,15.0,1.0,ELEMENTARY
4279,2.0,77.0,2.0,ELEMENTARY
4288,2.0,23.0,3.0,ELEMENTARY
4295,2.0,31.0,2.0,ELEMENTARY
4299,1.0,49.0,4.0,ELEMENTARY
4306,1.0,12.0,4.0,ELEMENTARY
4313,2.0,48.0,3.0,ELEMENTARY
4320,1.0,38.0,1.0,ELEMENTARY
4322,2.0,60.0,4.0,ELEMENTARY
4325,2.0,69.0,1.0,ELEMENTARY
4332,2.0,62.0,1.0,ELEMENTARY
4334,2.0,15.0,5.0,ELEMENTARY
4340,1.0,61.0,3.0,ELEMENTARY
4341,1.0,58.0,3.0,ELEMENTARY
4344,2.0,5.0,1.0,ELEMENTARY
4345,2.0,9.0,1.0,ELEMENTARY
4351,1.0,19.0,4.0,ELEMENTARY
4352,1.0,5.397605346934027e-79,1.0,ELEMENTARY
4353,2.0,29.0,3.0,ELEMENTARY
4354,2.0,51.0,1.0,ELEMENTARY
4357,2.0,6.0,1.0,ELEMENTARY
4372,1.0,48.0,4.0,ELEMENTARY
4381,2.0,27.0,4.0,ELEMENTARY
4387,1.0,20.0,4.0,ELEMENTARY
4389,2.0,24.0,1.0,ELEMENTARY
4391,2.0,420.0,3.0,COLLEGE
4392,1.0,46.0,1.0,ELEMENTARY
4393,1.0,39.0,3.0,ELEMENTARY
4407,1.0,3.0,1.0,ELEMENTARY
4411,2.0,10.0,4.0,ELEMENTARY
4417,1.0,331.0,3.0,COLLEGE
4434,2.0,737.0,3.0,COLLEGE
4436,2.0,34.0,3.0,ELEMENTARY
4447,1.0,38.0,3.0,ELEMENTARY
4449,2.0,10.0,1.0,ELEMENTARY
4455,1.0,69.0,1.0,ELEMENTARY
4458,1.0,71.0,3.0,ELEMENTARY
4462,1.0,68.0,1.0,ELEMENTARY
4463,1.0,5.397605346934027e-79,4.0,ELEMENTARY
4464,1.0,846.0,3.0,HIGHSCHOOL
4468,1.0,28.0,1.0,ELEMENTARY
4469,2.0,42.0,5.0,ELEMENTARY
4470,2.0,57.0,4.0,ELEMENTARY
4471,1.0,6.0,1.0,ELEMENTARY
4472,1.0,106.0,4.0,ELEMENTARY
4473,2.0,29.0,1.0,ELEMENTARY
4483,2.0,15.0,2.0,ELEMENTARY
4488,2.0,30.0,5.0,ELEMENTARY
4495,2.0,4.0,4.0,ELEMENTARY
4502,1.0,40.0,1.0,ELEMENTARY
4508,2.0,900.0,3.0,COLLEGE
4509,2.0,8.0,1.0,ELEMENTARY
4513,2.0,165.0,1.0,ELEMENTARY
4520,1.0,38.0,1.0,ELEMENTARY
4521,1.0,182.0,4.0,ELEMENTARY
4522,2.0,15.0,3.0,ELEMENTARY
4539,2.0,55.0,5.0,ELEMENTARY
4544,1.0,10.0,3.0,ELEMENTARY
4547,2.0,35.0,5.0,ELEMENTARY
4550,2.0,203.0,2.0,ELEMENTARY
4556,2.0,46.0,5.0,ELEMENTARY
4567,2.0,1068.0,3.0,OTHERS
4587,1.0,8.0,1.0,ELEMENTARY
4589,2.0,160.0,1.0,ELEMENTARY
4594,1.0,29.0,1.0,ELEMENTARY
4596,2.0,5.0,4.0,ELEMENTARY
4601,2.0,1068.0,3.0,HIGHSCHOOL
4605,2.0,23.0,5.0,ELEMENTARY
4607,1.0,55.0,3.0,ELEMENTARY
4613,1.0,31.0,4.0,ELEMENTARY
4626,2.0,12.0,3.0,ELEMENTARY
4630,1.0,31.0,1.0,ELEMENTARY
4631,2.0,52.0,2.0,ELEMENTARY
4632,1.0,52.0,3.0,ELEMENTARY
4640,2.0,15.0,3.0,ELEMENTARY
4641,2.0,172.0,4.0,ELEMENTARY
4642,2.0,163.0,3.0,ELEMENTARY
4645,2.0,53.0,3.0,ELEMENTARY
4647,1.0,45.0,4.0,ELEMENTARY
4660,1.0,2.0,1.0,ELEMENTARY
4670,1.0,10.0,3.0,ELEMENTARY
4679,1.0,62.0,1.0,ELEMENTARY
4687,2.0,52.0,4.0,ELEMENTARY
4688,2.0,34.0,3.0,ELEMENTARY
4698,2.0,70.0,3.0,ELEMENTARY
4701,2.0,134.0,3.0,ELEMENTARY
4704,1.0,66.0,1.0,ELEMENTARY
4712,1.0,365.0,4.0,ELEMENTARY
4713,1.0,13.0,1.0,ELEMENTARY
4714,1.0,26.0,4.0,ELEMENTARY
4716,1.0,25.0,3.0,ELEMENTARY
4717,2.0,41.0,1.0,ELEMENTARY
4721,1.0,27.0,2.0,ELEMENTARY
4723,2.0,14.0,1.0,ELEMENTARY
4727,1.0,301.0,3.0,HIGHSCHOOL
4733,1.0,22.0,1.0,ELEMENTARY
4734,2.0,152.0,3.0,ELEMENTARY
4739,2.0,490.0,1.0,HIGHSCHOOL
4752,2.0,8.0,1.0,ELEMENTARY
4765,1.0,13.0,5.0,ELEMENTARY
4772,2.0,62.0,4.0,ELEMENTARY
4773,1.0,1.0,1.0,ELEMENTARY
4774,1.0,11.0,4.0,ELEMENTARY
4776,2.0,20.0,4.0,ELEMENTARY
4784,2.0,34.0,1.0,ELEMENTARY
4787,1.0,37.0,1.0,ELEMENTARY
4789,1.0,1.0,1.0,ELEMENTARY
4790,1.0,12.0,4.0,ELEMENTARY
4794,1.0,12.0,3.0,ELEMENTARY
4797,1.0,61.0,4.0,ELEMENTARY
4805,1.0,2.0,1.0,ELEMENTARY
4807,1.0,60.0,4.0,ELEMENTARY
4817,1.0,60.0,3.0,ELEMENTARY
4818,1.0,31.0,1.0,ELEMENTARY
4823,1.0,12.0,4.0,ELEMENTARY
4824,1.0,3.0,4.0,ELEMENTARY
4825,1.0,8.0,1.0,ELEMENTARY
4827,2.0,12.0,4.0,ELEMENTARY
4839,1.0,35.0,4.0,ELEMENTARY
4841,1.0,514.0,3.0,COLLEGE
4843,2.0,32.0,3.0,ELEMENTARY
4846,2.0,33.0,3.0,ELEMENTARY
4857,2.0,63.0,4.0,ELEMENTARY
4859,1.0,10.0,2.0,ELEMENTARY
4861,1.0,524.0,1.0,HIGHSCHOOL
4866,1.0,26.0,3.0,ELEMENTARY
4867,2.0,67.0,3.0,ELEMENTARY
4868,1.0,53.0,5.0,ELEMENTARY
4869,1.0,6.0,1.0,ELEMENTARY
4870,1.0,217.0,1.0,HIGHSCHOOL
4871,2.0,59.0,1.0,ELEMENTARY
4873,1.0,14.0,1.0,ELEMENTARY
4883,2.0,5.0,1.0,ELEMENTARY
4895,1.0,35.0,5.0,ELEMENTARY
4906,2.0,242.0,3.0,HIGHSCHOOL
4907,1.0,4.0,1.0,ELEMENTARY
4910,2.0,9.0,5.0,ELEMENTARY
4912,2.0,33.0,1.0,ELEMENTARY
4914,1.0,42.0,3.0,ELEMENTARY
4916,1.0,154.0,4.0,ELEMENTARY
4922,2.0,57.0,1.0,ELEMENTARY
4924,2.0,27.0,1.0,ELEMENTARY
4940,1.0,284.0,1.0,ELEMENTARY
4941,1.0,47.0,3.0,ELEMENTARY
4945,1.0,47.0,4.0,ELEMENTARY
4967,2.0,44.0,2.0,ELEMENTARY
4970,1.0,46.0,4.0,ELEMENTARY
4980,1.0,18.0,1.0,ELEMENTARY
4986,2.0,443.0,3.0,HIGHSCHOOL
4999,1.0,45.0,4.0,ELEMENTARY
5000,1.0,18.0,5.0,ELEMENTARY
5003,1.0,18.0,3.0,ELEMENTARY
5008,2.0,56.0,3.0,ELEMENTARY
5012,1.0,3.0,1.0,ELEMENTARY
5014,2.0,28.0,3.0,ELEMENTARY
5018,1.0,9.0,3.0,ELEMENTARY
5019,1.0,2.0,1.0,ELEMENTARY
5024,2.0,1.0,3.0,ELEMENTARY
5026,2.0,65.0,3.0,ELEMENTARY
5029,2.0,43.0,5.0,ELEMENTARY
5030,2.0,44.0,3.0,ELEMENTARY
5035,2.0,60.0,4.0,ELEMENTARY
5046,2.0,60.0,1.0,ELEMENTARY
5053,1.0,34.0,1.0,ELEMENTARY
5054,2.0,11.0,1.0,ELEMENTARY
5056,2.0,25.0,1.0,ELEMENTARY
5062,2.0,224.0,4.0,HIGHSCHOOL
5071,2.0,54.0,1.0,ELEMENTARY
5079,1.0,383.0,1.0,ELEMENTARY
5081,1.0,38.0,4.0,ELEMENTARY
5083,1.0,21.0,4.0,ELEMENTARY
5088,1.0,31.0,4.0,ELEMENTARY
5092,2.0,5.397605346934027e-79,3.0,ELEMENTARY
5095,1.0,5.397605346934027e-79,1.0,ELEMENTARY
5099,1.0,769.0,4.0,OTHERS
5104,2.0,68.0,4.0,ELEMENTARY
5106,1.0,62.0,1.0,ELEMENTARY
5109,2.0,5.397605346934027e-79,3.0,ELEMENTARY
5117,2.0,20.0,3.0,ELEMENTARY
5129,1.0,195.0,4.0,ELEMENTARY
5132,1.0,25.0,1.0,ELEMENTARY
5133,2.0,13.0,3.0,ELEMENTARY
5134,1.0,53.0,3.0,ELEMENTARY
5145,2.0,65.0,1.0,ELEMENTARY
5146,1.0,2.0,1.0,ELEMENTARY
5147,2.0,32.0,1.0,ELEMENTARY
5162,1.0,1.0,1.0,ELEMENTARY
5166,1.0,670.0,1.0,ELEMENTARY
5173,1.0,30.0,3.0,ELEMENTARY
5183,2.0,28.0,1.0,ELEMENTARY
5188,2.0,33.0,1.0,ELEMENTARY
5190,2.0,9.0,2.0,ELEMENTARY
5191,1.0,55.0,3.0,ELEMENTARY
5197,2.0,56.0,1.0,ELEMENTARY
5200,2.0,1.0,2.0,ELEMENTARY
5211,1.0,12.0,1.0,ELEMENTARY
5218,1.0,58.0,3.0,ELEMENTARY
5228,1.0,19.0,4.0,ELEMENTARY
5242,2.0,500.0,1.0,OTHERS
5244,2.0,6.0,5.0,ELEMENTARY
5245,1.0,67.0,3.0,ELEMENTARY
5249,1.0,48.0,4.0,ELEMENTARY
5255,2.0,28.0,4.0,ELEMENTARY
5256,2.0,51.0,4.0,ELEMENTARY
5258,2.0,1.0,4.0,ELEMENTARY
5266,2.0,25.0,4.0,ELEMENTARY
5268,1.0,59.0,3.0,ELEMENTARY
5272,1.0,2.0,4.0,ELEMENTARY
5275,1.0,1.0,3.0,ELEMENTARY
5283,1.0,15.0,4.0,ELEMENTARY
5284,1.0,61.0,1.0,ELEMENTARY
5286,1.0,70.0,1.0,ELEMENTARY
5290,2.0,61.0,5.0,ELEMENTARY
5298,2.0,10.0,1.0,ELEMENTARY
5303,2.0,32.0,1.0,ELEMENTARY
5304,2.0,12.0,4.0,ELEMENTARY
5308,1.0,5.397605346934027e-79,2.0,ELEMENTARY
5318,2.0,19.0,3.0,ELEMENTARY
5320,1.0,66.0,3.0,ELEMENTARY
5321,2.0,16.0,1.0,ELEMENTARY
5322,1.0,217.0,4.0,ELEMENTARY
5323,1.0,45.0,4.0,ELEMENTARY
5326,2.0,23.0,4.0,ELEMENTARY
5328,2.0,58.0,1.0,ELEMENTARY
5344,2.0,40.0,1.0,ELEMENTARY
5346,2.0,43.0,4.0,ELEMENTARY
5349,2.0,70.0,1.0,ELEMENTARY
5350,2.0,60.0,4.0,ELEMENTARY
5358,1.0,16.0,5.0,ELEMENTARY
5361,1.0,12.0,1.0,ELEMENTARY
5364,1.0,5.0,3.0,ELEMENTARY
5368,1.0,68.0,3.0,ELEMENTARY
5374,1.0,31.0,1.0,ELEMENTARY
5378,2.0,25.0,3.0,ELEMENTARY
5381,1.0,4.0,4.0,ELEMENTARY
5383,1.0,14.0,4.0,ELEMENTARY
5386,2.0,58.0,1.0,ELEMENTARY
5399,1.0,4.0,4.0,ELEMENTARY
5414,2.0,40.0,3.0,ELEMENTARY
5415,2.0,17.0,4.0,ELEMENTARY
5416,2.0,33.0,1.0,ELEMENTARY
5420,1.0,52.0,1.0,ELEMENTARY
5435,2.0,257.0,1.0,HIGHSCHOOL
5439,1.0,56.0,3.0,ELEMENTARY
5440,1.0,5.0,2.0,ELEMENTARY
5446,2.0,20.0,1.0,ELEMENTARY
5447,2.0,31.0,4.0,ELEMENTARY
5451,1.0,17.0,3.0,ELEMENTARY
5461,2.0,19.0,3.0,ELEMENTARY
5464,2.0,19.0,3.0,ELEMENTARY
5467,1.0,16.0,3.0,ELEMENTARY
5472,2.0,11.0,3.0,ELEMENTARY
5475,2.0,47.0,3.0,ELEMENTARY
5482,2.0,48.0,3.0,ELEMENTARY
5483,2.0,52.0,4.0,ELEMENTARY
5484,1.0,67.0,1.0,ELEMENTARY
5486,1.0,14.0,1.0,ELEMENTARY
5489,1.0,67.0,3.0,ELEMENTARY
5497,1.0,23.0,4.0,ELEMENTARY
5514,1.0,30.0,1.0,ELEMENTARY
5516,1.0,5.397605346934027e-79,3.0,ELEMENTARY
5530,1.0,23.0,4.0,ELEMENTARY
5531,1.0,46.0,5.0,ELEMENTARY
5532,1.0,10.0,4.0,ELEMENTARY
5538,2.0,11.0,3.0,ELEMENTARY
5540,1.0,373.0,5.0,COLLEGE
5542,2.0,56.0,3.0,ELEMENTARY
5550,1.0,17.0,4.0,ELEMENTARY
5552,1.0,8.0,3.0,ELEMENTARY
5553,1.0,67.0,4.0,ELEMENTARY
5555,2.0,23.0,3.0,ELEMENTARY
5556,2.0,19.0,3.0,ELEMENTARY
5565,2.0,59.0,1.0,ELEMENTARY
5566,2.0,5.0,1.0,ELEMENTARY
5569,1.0,28.0,1.0,ELEMENTARY
5581,1.0,489.0,3.0,COLLEGE
5582,1.0,15.0,1.0,ELEMENTARY
5585,1.0,27.0,3.0,ELEMENTARY
5588,2.0,41.0,4.0,ELEMENTARY
5595,1.0,22.0,3.0,ELEMENTARY
5597,1.0,11.0,2.0,ELEMENTARY
5607,1.0,1.0,3.0,ELEMENTARY
5610,1.0,62.0,1.0,ELEMENTARY
5613,2.0,144.0,2.0,ELEMENTARY
5617,1.0,56.0,4.0,ELEMENTARY
5621,2.0,7.0,3.0,ELEMENTARY
5624,1.0,774.0,1.0,ELEMENTARY
5630,2.0,1068.0,3.0,HIGHSCHOOL
5639,2.0,52.0,1.0,ELEMENTARY
5641,1.0,4.0,3.0,ELEMENTARY
5642,1.0,8.0,3.0,ELEMENTARY
5643,2.0,61.0,4.0,ELEMENTARY
5651,1.0,69.0,3.0,ELEMENTARY
5653,1.0,11.0,1.0,ELEMENTARY
5654,1.0,1.0,1.0,ELEMENTARY
5658,2.0,64.0,2.0,ELEMENTARY
5662,1.0,69.0,2.0,ELEMENTARY
5676,2.0,30.0,2.0,ELEMENTARY
5680,2.0,18.0,3.0,ELEMENTARY
5693,1.0,26.0,2.0,ELEMENTARY
5695,2.0,29.0,3.0,ELEMENTARY
5702,1.0,1.0,3.0,ELEMENTARY
5706,2.0,28.0,1.0,ELEMENTARY
5709,1.0,33.0,1.0,ELEMENTARY
5719,1.0,4.0,1.0,ELEMENTARY
5721,1.0,36.0,1.0,ELEMENTARY
5725,1.0,20.0,4.0,ELEMENTARY
5727,2.0,71.0,1.0,ELEMENTARY
5729,1.0,3.0,4.0,ELEMENTARY
5731,1.0,227.0,3.0,ELEMENTARY
5745,1.0,27.0,3.0,ELEMENTARY
5757,1.0,40.0,1.0,ELEMENTARY
5759,2.0,226.0,1.0,HIGHSCHOOL
5760,2.0,7.0,1.0,ELEMENTARY
5763,2.0,37.0,4.0,ELEMENTARY
5768,1.0,3.0,1.0,ELEMENTARY
5774,1.0,42.0,5.0,ELEMENTARY
5778,2.0,30.0,3.0,ELEMENTARY
5779,1.0,61.0,1.0,ELEMENTARY
5785,1.0,11.0,1.0,ELEMENTARY
5794,1.0,747.0,3.0,COLLEGE
5803,2.0,26.0,1.0,ELEMENTARY
5809,2.0,19.0,1.0,ELEMENTARY
5811,2.0,3.0,1.0,ELEMENTARY
5815,2.0,45.0,4.0,ELEMENTARY
5821,1.0,44.0,3.0,ELEMENTARY
5822,2.0,256.0,3.0,ELEMENTARY
5831,2.0,33.0,3.0,ELEMENTARY
5841,1.0,7.0,1.0,ELEMENTARY
5845,1.0,51.0,4.0,ELEMENTARY
5852,1.0,22.0,3.0,ELEMENTARY
5855,1.0,7.0,3.0,ELEMENTARY
5856,1.0,65.0,4.0,ELEMENTARY
5862,2.0,12.0,1.0,ELEMENTARY
5863,1.0,1.0,1.0,ELEMENTARY
5870,2.0,7.0,1.0,ELEMENTARY
5876,1.0,5.397605346934027e-79,3.0,ELEMENTARY
5877,2.0,5.0,3.0,ELEMENTARY
5878,1.0,273.0,5.0,OTHERS
5881,1.0,31.0,1.0,ELEMENTARY
5882,2.0,19.0,4.0,ELEMENTARY
5884,2.0,26.0,1.0,ELEMENTARY
5886,1.0,25.0,4.0,ELEMENTARY
5888,2.0,6.0,3.0,ELEMENTARY
5889,1.0,207.0,5.0,ELEMENTARY
5890,2.0,67.0,4.0,ELEMENTARY
5897,1.0,6.0,1.0,ELEMENTARY
5902,2.0,7.0,1.0,ELEMENTARY
5905,2.0,838.0,5.0,ELEMENTARY
5915,1.0,36.0,3.0,ELEMENTARY
5916,2.0,306.0,3.0,OTHERS
5917,1.0,1.0,4.0,ELEMENTARY
5931,1.0,60.0,2.0,ELEMENTARY
5934,2.0,31.0,5.0,ELEMENTARY
5936,1.0,71.0,4.0,ELEMENTARY
5937,1.0,172.0,5.0,ELEMENTARY
5941,1.0,51.0,4.0,ELEMENTARY
5946,2.0,11.0,4.0,ELEMENTARY
5949,1.0,3.0,4.0,ELEMENTARY
5955,2.0,9.0,3.0,ELEMENTARY
5956,2.0,224.0,4.0,ELEMENTARY
5963,1.0,407.0,4.0,OTHERS
5969,1.0,71.0,3.0,ELEMENTARY
5973,2.0,25.0,5.0,ELEMENTARY
5974,2.0,126.0,4.0,ELEMENTARY
5992,2.0,28.0,3.0,ELEMENTARY
5996,2.0,44.0,5.0,ELEMENTARY
6014,2.0,23.0,3.0,ELEMENTARY
6017,1.0,43.0,5.0,ELEMENTARY
6018,2.0,55.0,1.0,ELEMENTARY
6026,2.0,67.0,4.0,ELEMENTARY
6029,1.0,5.397605346934027e-79,3.0,ELEMENTARY
6031,2.0,46.0,1.0,ELEMENTARY
6033,2.0,29.0,4.0,ELEMENTARY
6035,1.0,2.0,3.0,ELEMENTARY
6042,1.0,11.0,3.0,ELEMENTARY
6044,2.0,178.0,5.0,ELEMENTARY
6045,2.0,216.0,4.0,ELEMENTARY
6048,1.0,9.0,3.0,ELEMENTARY
6054,2.0,9.0,3.0,ELEMENTARY
6055,2.0,19.0,4.0,ELEMENTARY
6056,2.0,57.0,1.0,ELEMENTARY
6059,1.0,49.0,3.0,ELEMENTARY
6062,2.0,26.0,4.0,ELEMENTARY
6064,2.0,455.0,5.0,COLLEGE
6065,2.0,40.0,1.0,ELEMENTARY
6068,2.0,57.0,1.0,ELEMENTARY
6072,1.0,44.0,3.0,ELEMENTARY
6076,1.0,5.0,4.0,ELEMENTARY
6078,2.0,668.0,3.0,COLLEGE
6080,1.0,5.397605346934027e-79,1.0,ELEMENTARY
6082,1.0,19.0,4.0,ELEMENTARY
6084,1.0,12.0,1.0,ELEMENTARY
6087,1.0,17.0,1.0,ELEMENTARY
6089,2.0,70.0,3.0,ELEMENTARY
6095,2.0,34.0,4.0,ELEMENTARY
6105,1.0,22.0,4.0,ELEMENTARY
6119,1.0,9.0,1.0,ELEMENTARY
6122,1.0,32.0,3.0,ELEMENTARY
6139,2.0,232.0,2.0,HIGHSCHOOL
6146,2.0,20.0,1.0,ELEMENTARY
6158,1.0,9.0,5.0,ELEMENTARY
6161,1.0,29.0,3.0,ELEMENTARY
6164,2.0,35.0,1.0,ELEMENTARY
6170,1.0,17.0,3.0,ELEMENTARY
6172,2.0,316.0,4.0,COLLEGE
6187,1.0,43.0,3.0,ELEMENTARY
6191,1.0,21.0,1.0,ELEMENTARY
6193,1.0,22.0,2.0,ELEMENTARY
6195,1.0,30.0,1.0,ELEMENTARY
6196,1.0,15.0,3.0,ELEMENTARY
6204,2.0,210.0,4.0,ELEMENTARY
6207,1.0,32.0,4.0,ELEMENTARY
6208,1.0,151.0,4.0,ELEMENTARY
6216,1.0,50.0,5.0,ELEMENTARY
6217,2.0,54.0,4.0,ELEMENTARY
6219,2.0,30.0,5.0,ELEMENTARY
6222,1.0,3.0,1.0,ELEMENTARY
6237,1.0,4.0,3.0,ELEMENTARY
6238,2.0,46.0,1.0,ELEMENTARY
6249,2.0,52.0,4.0,ELEMENTARY
6253,1.0,148.0,1.0,ELEMENTARY
6254,1.0,22.0,1.0,ELEMENTARY
6263,2.0,9.0,3.0,ELEMENTARY
6265,1.0,28.0,2.0,ELEMENTARY
6272,2.0,35.0,4.0,ELEMENTARY
6274,2.0,2.0,1.0,ELEMENTARY
6276,1.0,19.0,3.0,ELEMENTARY
6279,1.0,31.0,4.0,ELEMENTARY
6281,1.0,6.0,1.0,ELEMENTARY
6290,1.0,17.0,1.0,ELEMENTARY
6295,1.0,37.0,4.0,ELEMENTARY
6303,1.0,880.0,3.0,HIGHSCHOOL
6306,1.0,106.0,2.0,ELEMENTARY
6308,2.0,56.0,3.0,ELEMENTARY
6311,2.0,114.0,1.0,ELEMENTARY
6312,2.0,70.0,3.0,ELEMENTARY
6314,1.0,66.0,3.0,ELEMENTARY
6316,2.0,24.0,1.0,ELEMENTARY
6321,2.0,167.0,4.0,ELEMENTARY
6336,2.0,25.0,3.0,ELEMENTARY
6337,1.0,35.0,3.0,ELEMENTARY
6343,1.0,21.0,3.0,ELEMENTARY
6346,1.0,54.0,1.0,ELEMENTARY
6349,1.0,69.0,3.0,ELEMENTARY
6355,1.0,27.0,4.0,ELEMENTARY
6362,2.0,61.0,1.0,ELEMENTARY
6364,1.0,33.0,3.0,ELEMENTARY
6375,2.0,8.0,5.0,ELEMENTARY
6377,2.0,62.0,4.0,ELEMENTARY
6389,2.0,59.0,4.0,ELEMENTARY
6390,2.0,17.0,4.0,ELEMENTARY
6392,1.0,83.0,4.0,ELEMENTARY
6408,2.0,14.0,4.0,ELEMENTARY
6416,1.0,891.0,3.0,ELEMENTARY
6419,2.0,32.0,2.0,ELEMENTARY
6421,2.0,409.0,3.0,COLLEGE
6422,1.0,32.0,1.0,ELEMENTARY
6425,2.0,70.0,3.0,ELEMENTARY
6427,2.0,10.0,4.0,ELEMENTARY
6444,2.0,13.0,4.0,ELEMENTARY
6450,2.0,26.0,2.0,ELEMENTARY
6452,1.0,71.0,3.0,ELEMENTARY
6454,1.0,6.0,3.0,ELEMENTARY
6455,2.0,17.0,4.0,ELEMENTARY
6462,2.0,55.0,1.0,ELEMENTARY
6463,1.0,6.0,1.0,ELEMENTARY
6464,1.0,62.0,1.0,ELEMENTARY
6467,1.0,48.0,1.0,ELEMENTARY
6470,1.0,27.0,4.0,ELEMENTARY
6476,1.0,821.0,1.0,ELEMENTARY
6480,2.0,19.0,5.0,ELEMENTARY
6483,2.0,14.0,1.0,ELEMENTARY
6486,2.0,50.0,3.0,ELEMENTARY
6494,2.0,34.0,3.0,ELEMENTARY
6497,1.0,24.0,5.0,ELEMENTARY
6503,2.0,23.0,3.0,ELEMENTARY
6507,2.0,6.0,3.0,ELEMENTARY
6509,2.0,27.0,4.0,ELEMENTARY
6510,1.0,24.0,2.0,ELEMENTARY
6514,2.0,12.0,4.0,ELEMENTARY
6515,2.0,70.0,1.0,ELEMENTARY
6531,1.0,4.0,4.0,ELEMENTARY
6535,2.0,38.0,3.0,ELEMENTARY
6542,1.0,34.0,1.0,ELEMENTARY
6545,1.0,31.0,4.0,ELEMENTARY
6548,2.0,15.0,2.0,ELEMENTARY
6550,2.0,164.0,1.0,ELEMENTARY
6551,1.0,8.0,3.0,ELEMENTARY
6554,1.0,35.0,3.0,ELEMENTARY
6562,2.0,189.0,3.0,ELEMENTARY
6579,1.0,53.0,1.0,ELEMENTARY
6584,2.0,9.0,1.0,ELEMENTARY
6586,1.0,7.0,3.0,ELEMENTARY
6592,2.0,179.0,1.0,ELEMENTARY
6596,2.0,30.0,4.0,ELEMENTARY
6606,2.0,13.0,1.0,ELEMENTARY
6609,2.0,12.0,3.0,ELEMENTARY
6617,2.0,62.0,3.0,ELEMENTARY
6629,1.0,10.0,4.0,ELEMENTARY
6632,2.0,214.0,1.0,ELEMENTARY
6637,1.0,10.0,3.0,ELEMENTARY
6643,2.0,24.0,3.0,ELEMENTARY
6646,2.0,8.0,3.0,ELEMENTARY
6647,2.0,103.0,1.0,ELEMENTARY
6655,1.0,68.0,3.0,ELEMENTARY
6658,1.0,39.0,3.0,ELEMENTARY
6661,1.0,52.0,1.0,ELEMENTARY
6664,2.0,683.0,3.0,COLLEGE
6669,2.0,26.0,3.0,ELEMENTARY
6671,2.0,22.0,1.0,ELEMENTARY
6673,2.0,27.0,1.0,ELEMENTARY
6675,1.0,52.0,3.0,ELEMENTARY
6681,1.0,35.0,1.0,ELEMENTARY
6682,2.0,65.0,1.0,ELEMENTARY
6691,1.0,838.0,1.0,COLLEGE
6700,1.0,59.0,4.0,ELEMENTARY
6716,2.0,148.0,1.0,ELEMENTARY
6717,2.0,54.0,3.0,ELEMENTARY
6718,2.0,124.0,2.0,ELEMENTARY
6720,1.0,20.0,4.0,ELEMENTARY
6739,1.0,8.0,1.0,ELEMENTARY
6742,2.0,1.0,5.0,ELEMENTARY
6745,1.0,11.0,3.0,ELEMENTARY
6753,1.0,198.0,1.0,ELEMENTARY
6756,2.0,248.0,1.0,ELEMENTARY
6757,2.0,38.0,1.0,ELEMENTARY
6762,1.0,17.0,1.0,ELEMENTARY
6763,1.0,35.0,1.0,ELEMENTARY
6769,2.0,32.0,3.0,ELEMENTARY
6772,1.0,7.0,1.0,ELEMENTARY
6777,1.0,11.0,4.0,ELEMENTARY
6784,1.0,14.0,3.0,ELEMENTARY
6792,1.0,44.0,4.0,ELEMENTARY
6793,2.0,44.0,4.0,ELEMENTARY
6800,1.0,58.0,2.0,ELEMENTARY
6806,1.0,230.0,4.0,ELEMENTARY
6812,2.0,71.0,5.0,ELEMENTARY
6813,1.0,46.0,1.0,ELEMENTARY
6816,2.0,5.397605346934027e-79,3.0,ELEMENTARY
6821,1.0,28.0,1.0,ELEMENTARY
6836,2.0,8.0,1.0,ELEMENTARY
6838,2.0,10.0,5.0,ELEMENTARY
6843,1.0,6.0,4.0,ELEMENTARY
6847,1.0,69.0,4.0,ELEMENTARY
6848,2.0,45.0,3.0,ELEMENTARY
6852,1.0,14.0,3.0,ELEMENTARY
6856,2.0,9.0,1.0,ELEMENTARY
6862,1.0,265.0,3.0,OTHERS
6863,2.0,55.0,3.0,ELEMENTARY
6867,2.0,899.0,3.0,HIGHSCHOOL
6872,2.0,42.0,4.0,ELEMENTARY
6876,2.0,20.0,3.0,ELEMENTARY
6878,1.0,34.0,1.0,ELEMENTARY
6885,2.0,11.0,4.0,ELEMENTARY
6886,1.0,35.0,1.0,ELEMENTARY
6891,1.0,27.0,1.0,ELEMENTARY
6893,1.0,22.0,4.0,ELEMENTARY
6895,2.0,357.0,3.0,COLLEGE
6899,2.0,7.0,3.0,ELEMENTARY
6903,2.0,7.0,1.0,ELEMENTARY
6904,2.0,27.0,1.0,ELEMENTARY
6908,1.0,200.0,2.0,ELEMENTARY
6909,2.0,5.0,5.0,ELEMENTARY
6913,2.0,805.0,4.0,ELEMENTARY
6914,1.0,10.0,1.0,ELEMENTARY
6919,2.0,5.397605346934027e-79,2.0,ELEMENTARY
6920,1.0,19.0,5.0,ELEMENTARY
6932,1.0,3.0,1.0,ELEMENTARY
6934,1.0,267.0,3.0,OTHERS
6943,1.0,18.0,3.0,ELEMENTARY
6945,1.0,45.0,1.0,ELEMENTARY
6949,2.0,1068.0,3.0,ELEMENTARY
6966,1.0,4.0,1.0,ELEMENTARY
6967,2.0,28.0,1.0,ELEMENTARY
6969,1.0,98.0,1.0,ELEMENTARY
6972,2.0,28.0,3.0,ELEMENTARY
6974,2.0,33.0,1.0,ELEMENTARY
6976,1.0,2.0,1.0,ELEMENTARY
6982,1.0,10.0,1.0,ELEMENTARY
7000,2.0,37.0,1.0,ELEMENTARY
7006,2.0,21.0,4.0,ELEMENTARY
7014,2.0,861.0,1.0,ELEMENTARY
7015,1.0,13.0,4.0,ELEMENTARY
7033,2.0,5.0,5.0,ELEMENTARY
7037,1.0,18.0,3.0,ELEMENTARY
7040,1.0,8.0,1.0,ELEMENTARY
7045,2.0,44.0,5.0,ELEMENTARY
7053,1.0,69.0,1.0,ELEMENTARY
7068,2.0,50.0,3.0,ELEMENTARY
7075,1.0,42.0,5.0,ELEMENTARY
7083,1.0,39.0,4.0,ELEMENTARY
7084,1.0,455.0,5.0,COLLEGE
7086,2.0,36.0,4.0,ELEMENTARY
7090,1.0,21.0,1.0,ELEMENTARY
7091,2.0,22.0,1.0,ELEMENTARY
7094,2.0,18.0,5.0,ELEMENTARY
7097,2.0,71.0,4.0,ELEMENTARY
7100,1.0,444.0,3.0,HIGHSCHOOL
7101,1.0,20.0,3.0,ELEMENTARY
7102,1.0,63.0,4.0,ELEMENTARY
7117,2.0,29.0,5.0,ELEMENTARY
7125,1.0,16.0,3.0,ELEMENTARY
7126,1.0,51.0,3.0,ELEMENTARY
7128,2.0,15.0,1.0,ELEMENTARY
7129,1.0,13.0,1.0,ELEMENTARY
7137,1.0,5.0,4.0,ELEMENTARY
7139,1.0,41.0,3.0,ELEMENTARY
7141,2.0,5.0,1.0,ELEMENTARY
7142,2.0,68.0,4.0,ELEMENTARY
7145,1.0,70.0,1.0,ELEMENTARY
7146,1.0,186.0,4.0,ELEMENTARY
7159,2.0,32.0,4.0,ELEMENTARY
7160,1.0,19.0,4.0,ELEMENTARY
7162,2.0,56.0,1.0,ELEMENTARY
7167,2.0,8.0,1.0,ELEMENTARY
7170,2.0,18.0,4.0,ELEMENTARY
7171,1.0,20.0,2.0,ELEMENTARY
7172,1.0,4.0,3.0,ELEMENTARY
7181,1.0,58.0,3.0,ELEMENTARY
7183,2.0,23.0,1.0,ELEMENTARY
7189,2.0,28.0,3.0,ELEMENTARY
7192,2.0,27.0,3.0,ELEMENTARY
7199,1.0,26.0,2.0,ELEMENTARY
7200,2.0,41.0,1.0,ELEMENTARY
7204,2.0,17.0,1.0,ELEMENTARY
7214,2.0,34.0,4.0,ELEMENTARY
7216,1.0,23.0,1.0,ELEMENTARY
7219,1.0,16.0,3.0,ELEMENTARY
7226,1.0,897.0,3.0,ELEMENTARY
7228,1.0,15.0,2.0,ELEMENTARY
7229,2.0,5.0,3.0,ELEMENTARY
7230,2.0,29.0,1.0,ELEMENTARY
7232,2.0,59.0,1.0,ELEMENTARY
7236,2.0,10.0,3.0,ELEMENTARY
7240,1.0,1.0,4.0,ELEMENTARY
7252,2.0,25.0,1.0,ELEMENTARY
7256,2.0,2.0,1.0,ELEMENTARY
7263,1.0,52.0,1.0,ELEMENTARY
7265,2.0,33.0,4.0,ELEMENTARY
7273,1.0,7.0,3.0,ELEMENTARY
7286,2.0,24.0,3.0,ELEMENTARY
7289,1.0,158.0,4.0,ELEMENTARY
7292,2.0,8.0,3.0,ELEMENTARY
7298,1.0,353.0,4.0,ELEMENTARY
7301,2.0,15.0,3.0,ELEMENTARY
7307,2.0,1.0,1.0,ELEMENTARY
7311,1.0,14.0,1.0,ELEMENTARY
7312,1.0,71.0,1.0,ELEMENTARY
7314,2.0,59.0,1.0,ELEMENTARY
7318,1.0,22.0,3.0,ELEMENTARY
7324,1.0,231.0,3.0,HIGHSCHOOL
7343,2.0,44.0,4.0,ELEMENTARY
7346,1.0,67.0,3.0,ELEMENTARY
7349,2.0,228.0,1.0,HIGHSCHOOL
7351,2.0,25.0,1.0,ELEMENTARY
7352,2.0,38.0,3.0,ELEMENTARY
7356,2.0,5.0,1.0,ELEMENTARY
7357,1.0,26.0,3.0,ELEMENTARY
7360,1.0,52.0,1.0,ELEMENTARY
7376,2.0,67.0,4.0,ELEMENTARY
7383,1.0,58.0,1.0,ELEMENTARY
7384,2.0,25.0,5.0,ELEMENTARY
7389,1.0,18.0,2.0,ELEMENTARY
7397,1.0,18.0,5.0,ELEMENTARY
7399,1.0,19.0,3.0,ELEMENTARY
7402,1.0,1.0,3.0,ELEMENTARY
7404,2.0,12.0,3.0,ELEMENTARY
7410,1.0,13.0,3.0,ELEMENTARY
7442,1.0,20.0,3.0,ELEMENTARY
7446,2.0,42.0,3.0,ELEMENTARY
7452,2.0,62.0,4.0,ELEMENTARY
7459,1.0,60.0,4.0,ELEMENTARY
7460,1.0,34.0,4.0,ELEMENTARY
7462,2.0,61.0,1.0,ELEMENTARY
7469,1.0,1068.0,3.0,ELEMENTARY
7473,2.0,8.0,1.0,ELEMENTARY
7476,1.0,10.0,1.0,ELEMENTARY
7482,2.0,29.0,1.0,ELEMENTARY
7483,2.0,63.0,1.0,ELEMENTARY
7491,2.0,1068.0,3.0,HIGHSCHOOL
7493,2.0,11.0,5.0,ELEMENTARY
7495,1.0,2.0,1.0,ELEMENTARY
7500,1.0,5.0,3.0,ELEMENTARY
7501,2.0,4.0,4.0,ELEMENTARY
7505,1.0,70.0,3.0,ELEMENTARY
7507,1.0,38.0,4.0,ELEMENTARY
7514,2.0,11.0,3.0,ELEMENTARY
7516,2.0,56.0,4.0,ELEMENTARY
7521,2.0,4.0,1.0,ELEMENTARY
7523,1.0,32.0,3.0,ELEMENTARY
7525,1.0,185.0,4.0,ELEMENTARY
7527,2.0,3.0,1.0,ELEMENTARY
7534,1.0,26.0,1.0,ELEMENTARY
7539,1.0,5.0,1.0,ELEMENTARY
7561,1.0,493.0,4.0,COLLEGE
7564,1.0,15.0,1.0,ELEMENTARY
7565,2.0,33.0,1.0,ELEMENTARY
7568,2.0,3.0,3.0,ELEMENTARY
7585,1.0,23.0,4.0,ELEMENTARY
7588,1.0,1068.0,3.0,OTHERS
7589,1.0,3.0,1.0,ELEMENTARY
7595,2.0,302.0,1.0,OTHERS
7600,2.0,33.0,4.0,ELEMENTARY
7602,2.0,64.0,2.0,ELEMENTARY
7607,2.0,11.0,4.0,ELEMENTARY
7613,2.0,34.0,2.0,ELEMENTARY
7616,1.0,81.0,4.0,ELEMENTARY
7619,2.0,49.0,4.0,ELEMENTARY
7620,1.0,21.0,1.0,ELEMENTARY
7622,2.0,34.0,5.0,ELEMENTARY
7623,1.0,10.0,4.0,ELEMENTARY
7627,1.0,61.0,3.0,ELEMENTARY
7629,2.0,54.0,5.0,ELEMENTARY
7630,1.0,16.0,4.0,ELEMENTARY
7633,2.0,1068.0,5.0,OTHERS
7639,2.0,31.0,1.0,ELEMENTARY
7647,2.0,2.0,3.0,ELEMENTARY
7658,2.0,25.0,4.0,ELEMENTARY
7667,1.0,27.0,1.0,ELEMENTARY
7668,1.0,835.0,4.0,ELEMENTARY
7677,1.0,9.0,3.0,ELEMENTARY
7678,2.0,5.397605346934027e-79,1.0,ELEMENTARY
7679,1.0,11.0,5.0,ELEMENTARY
7681,1.0,3.0,1.0,ELEMENTARY
7682,2.0,24.0,1.0,ELEMENTARY
7684,2.0,321.0,1.0,ELEMENTARY
7687,1.0,71.0,1.0,ELEMENTARY
7689,1.0,85.0,4.0,ELEMENTARY
7691,1.0,5.0,4.0,ELEMENTARY
7693,1.0,9.0,2.0,ELEMENTARY
7712,1.0,19.0,3.0,ELEMENTARY
7720,2.0,5.0,4.0,ELEMENTARY
7741,2.0,29.0,4.0,ELEMENTARY
7742,1.0,4.0,3.0,ELEMENTARY
7749,1.0,61.0,1.0,ELEMENTARY
7764,1.0,44.0,4.0,ELEMENTARY
7769,2.0,34.0,3.0,ELEMENTARY
7772,2.0,71.0,4.0,ELEMENTARY
7775,1.0,56.0,1.0,ELEMENTARY
7784,2.0,26.0,4.0,ELEMENTARY
7790,2.0,2.0,1.0,ELEMENTARY
7796,2.0,3.0,4.0,ELEMENTARY
7800,2.0,39.0,1.0,ELEMENTARY
7803,2.0,52.0,4.0,ELEMENTARY
7808,1.0,41.0,4.0,ELEMENTARY
7812,1.0,123.0,3.0,ELEMENTARY
7816,1.0,51.0,1.0,ELEMENTARY
7818,2.0,17.0,3.0,ELEMENTARY
7822,2.0,31.0,4.0,ELEMENTARY
7823,1.0,14.0,4.0,ELEMENTARY
7824,2.0,10.0,3.0,ELEMENTARY
7825,1.0,8.0,3.0,ELEMENTARY
7828,1.0,31.0,4.0,ELEMENTARY
7832,1.0,28.0,3.0,ELEMENTARY
7833,2.0,510.0,3.0,HIGHSCHOOL
7846,1.0,20.0,3.0,ELEMENTARY
7848,2.0,445.0,3.0,ELEMENTARY
7852,1.0,9.0,4.0,ELEMENTARY
7857,1.0,34.0,5.0,ELEMENTARY
7861,1.0,595.0,1.0,ELEMENTARY
7871,2.0,217.0,1.0,ELEMENTARY
7875,2.0,20.0,1.0,ELEMENTARY
7881,1.0,45.0,3.0,ELEMENTARY
7885,2.0,63.0,4.0,ELEMENTARY
7887,2.0,5.397605346934027e-79,5.0,ELEMENTARY
7888,1.0,6.0,4.0,ELEMENTARY
7890,2.0,43.0,4.0,ELEMENTARY
7892,1.0,15.0,3.0,ELEMENTARY
7899,1.0,4.0,1.0,ELEMENTARY
7902,1.0,1.0,3.0,ELEMENTARY
7903,2.0,905.0,3.0,HIGHSCHOOL
7904,1.0,5.397605346934027e-79,3.0,ELEMENTARY
7906,1.0,48.0,4.0,ELEMENTARY
7911,1.0,71.0,3.0,ELEMENTARY
7920,1.0,89.0,4.0,ELEMENTARY
7923,2.0,19.0,3.0,ELEMENTARY
7940,2.0,11.0,4.0,ELEMENTARY
7942,2.0,8.0,1.0,ELEMENTARY
7947,2.0,130.0,1.0,ELEMENTARY
7956,2.0,19.0,4.0,ELEMENTARY
7960,2.0,178.0,3.0,ELEMENTARY
7975,1.0,32.0,1.0,ELEMENTARY
7978,1.0,2.0,1.0,ELEMENTARY
7979,1.0,1068.0,3.0,ELEMENTARY
7984,1.0,13.0,3.0,ELEMENTARY
7991,2.0,201.0,4.0,ELEMENTARY
8003,2.0,21.0,3.0,ELEMENTARY
8004,1.0,4.0,5.0,ELEMENTARY
8006,2.0,52.0,5.0,ELEMENTARY
8008,2.0,45.0,1.0,ELEMENTARY
8012,1.0,48.0,1.0,ELEMENTARY
8013,2.0,56.0,1.0,ELEMENTARY
8017,2.0,30.0,1.0,ELEMENTARY
8018,2.0,3.0,3.0,ELEMENTARY
8022,1.0,24.0,4.0,ELEMENTARY
8024,2.0,62.0,4.0,ELEMENTARY
8032,2.0,337.0,3.0,OTHERS
8033,2.0,31.0,1.0,ELEMENTARY
8039,1.0,477.0,3.0,HIGHSCHOOL
8040,1.0,40.0,4.0,ELEMENTARY
8047,1.0,225.0,3.0,HIGHSCHOOL
8049,1.0,4.0,2.0,ELEMENTARY
8055,2.0,4.0,1.0,ELEMENTARY
8056,2.0,8.0,3.0,ELEMENTARY
8061,1.0,8.0,4.0,ELEMENTARY
8069,1.0,28.0,4.0,ELEMENTARY
8071,1.0,3.0,3.0,ELEMENTARY
8073,2.0,16.0,4.0,ELEMENTARY
8074,1.0,22.0,4.0,ELEMENTARY
8085,2.0,48.0,5.0,ELEMENTARY
8091,2.0,50.0,4.0,ELEMENTARY
8092,1.0,43.0,5.0,ELEMENTARY
8094,2.0,55.0,1.0,ELEMENTARY
8097,1.0,9.0,1.0,ELEMENTARY
8101,1.0,10.0,3.0,ELEMENTARY
8104,2.0,56.0,1.0,ELEMENTARY
8108,1.0,66.0,5.0,ELEMENTARY
8109,1.0,70.0,1.0,ELEMENTARY
8113,2.0,15.0,4.0,ELEMENTARY
8116,2.0,439.0,5.0,COLLEGE
8128,1.0,36.0,3.0,ELEMENTARY
8130,2.0,17.0,4.0,ELEMENTARY
8131,2.0,28.0,3.0,ELEMENTARY
8135,2.0,10.0,1.0,ELEMENTARY
8137,1.0,34.0,4.0,ELEMENTARY
8143,2.0,6.0,3.0,ELEMENTARY
8149,1.0,14.0,3.0,ELEMENTARY
8153,2.0,30.0,4.0,ELEMENTARY
8160,2.0,376.0,1.0,ELEMENTARY
8172,2.0,23.0,2.0,ELEMENTARY
8181,2.0,46.0,2.0,ELEMENTARY
8183,2.0,43.0,5.0,ELEMENTARY
8186,1.0,23.0,3.0,ELEMENTARY
8199,2.0,54.0,4.0,ELEMENTARY
8203,1.0,38.0,3.0,ELEMENTARY
8204,2.0,11.0,4.0,ELEMENTARY
8205,2.0,37.0,3.0,ELEMENTARY
8206,2.0,27.0,2.0,ELEMENTARY
8214,1.0,29.0,1.0,ELEMENTARY
8215,1.0,61.0,4.0,ELEMENTARY
8234,2.0,920.0,3.0,OTHERS
8237,2.0,953.0,4.0,OTHERS
8239,1.0,58.0,5.0,ELEMENTARY
8242,1.0,28.0,1.0,ELEMENTARY
8250,1.0,7.0,1.0,ELEMENTARY
8253,1.0,734.0,4.0,OTHERS
8257,2.0,20.0,3.0,ELEMENTARY
8259,1.0,18.0,4.0,ELEMENTARY
8266,2.0,4.0,1.0,ELEMENTARY
8267,2.0,30.0,4.0,ELEMENTARY
8268,2.0,16.0,1.0,ELEMENTARY
8269,1.0,60.0,3.0,ELEMENTARY
8271,2.0,14.0,1.0,ELEMENTARY
8274,1.0,63.0,3.0,ELEMENTARY
8280,1.0,756.0,4.0,HIGHSCHOOL
8282,1.0,231.0,1.0,ELEMENTARY
8285,2.0,20.0,1.0,ELEMENTARY
8296,1.0,9.0,1.0,ELEMENTARY
8314,2.0,7.0,4.0,ELEMENTARY
8315,1.0,40.0,2.0,ELEMENTARY
8316,2.0,71.0,1.0,ELEMENTARY
8318,2.0,17.0,5.0,ELEMENTARY
8320,2.0,18.0,4.0,ELEMENTARY
8323,1.0,18.0,4.0,ELEMENTARY
8324,2.0,18.0,4.0,ELEMENTARY
8330,1.0,15.0,1.0,ELEMENTARY
8334,2.0,18.0,3.0,ELEMENTARY
8338,1.0,67.0,1.0,ELEMENTARY
8342,1.0,385.0,3.0,OTHERS
8359,2.0,21.0,4.0,ELEMENTARY
8361,2.0,56.0,1.0,ELEMENTARY
8365,2.0,67.0,2.0,ELEMENTARY
8369,2.0,22.0,4.0,ELEMENTARY
8373,2.0,38.0,4.0,ELEMENTARY
8381,1.0,63.0,1.0,ELEMENTARY
8382,2.0,27.0,4.0,ELEMENTARY
8383,1.0,46.0,1.0,ELEMENTARY
8388,2.0,49.0,1.0,ELEMENTARY
8390,1.0,5.397605346934027e-79,4.0,ELEMENTARY
8391,2.0,34.0,3.0,ELEMENTARY
8393,1.0,6.0,3.0,ELEMENTARY
8400,2.0,81.0,1.0,ELEMENTARY
8401,1.0,6.0,4.0,ELEMENTARY
8407,1.0,17.0,3.0,ELEMENTARY
8410,2.0,5.397605346934027e-79,3.0,ELEMENTARY
8412,2.0,33.0,3.0,ELEMENTARY
8415,1.0,14.0,4.0,ELEMENTARY
8417,1.0,7.0,1.0,ELEMENTARY
8418,1.0,520.0,1.0,ELEMENTARY
8428,2.0,15.0,4.0,ELEMENTARY
8430,1.0,11.0,3.0,ELEMENTARY
8436,2.0,77.0,5.0,ELEMENTARY
8445,2.0,206.0,1.0,ELEMENTARY
8447,1.0,67.0,3.0,ELEMENTARY
8458,2.0,8.0,3.0,ELEMENTARY
8463,1.0,1.0,3.0,ELEMENTARY
8469,2.0,39.0,4.0,ELEMENTARY
8470,2.0,27.0,3.0,ELEMENTARY
8471,1.0,502.0,5.0,OTHERS
8480,2.0,20.0,1.0,ELEMENTARY
8482,1.0,48.0,3.0,ELEMENTARY
8484,1.0,23.0,1.0,ELEMENTARY
8485,1.0,55.0,5.0,ELEMENTARY
8487,1.0,48.0,3.0,ELEMENTARY
8490,1.0,65.0,4.0,ELEMENTARY
8495,2.0,52.0,1.0,ELEMENTARY
8496,1.0,58.0,4.0,ELEMENTARY
8500,1.0,15.0,3.0,ELEMENTARY
8502,1.0,49.0,4.0,ELEMENTARY
8504,2.0,71.0,1.0,ELEMENTARY
8516,1.0,25.0,1.0,ELEMENTARY
8521,1.0,20.0,1.0,ELEMENTARY
8522,2.0,5.397605346934027e-79,1.0,ELEMENTARY
8524,2.0,56.0,3.0,ELEMENTARY
8525,2.0,50.0,5.0,ELEMENTARY
8531,2.0,25.0,1.0,ELEMENTARY
8534,2.0,96.0,1.0,ELEMENTARY
8540,2.0,12.0,3.0,ELEMENTARY
8545,1.0,21.0,1.0,ELEMENTARY
8553,1.0,44.0,3.0,ELEMENTARY
8558,1.0,49.0,4.0,ELEMENTARY
8559,2.0,22.0,4.0,ELEMENTARY
8560,2.0,43.0,1.0,ELEMENTARY
8567,2.0,59.0,1.0,ELEMENTARY
8572,2.0,84.0,3.0,ELEMENTARY
8574,1.0,12.0,3.0,ELEMENTARY
8576,1.0,33.0,3.0,ELEMENTARY
8577,2.0,6.0,5.0,ELEMENTARY
8579,1.0,37.0,1.0,ELEMENTARY
8582,2.0,19.0,3.0,ELEMENTARY
8584,1.0,18.0,1.0,ELEMENTARY
8585,2.0,977.0,3.0,COLLEGE
8597,2.0,26.0,5.0,ELEMENTARY
8610,2.0,65.0,1.0,ELEMENTARY
8611,1.0,43.0,4.0,ELEMENTARY
8613,2.0,41.0,1.0,ELEMENTARY
8615,1.0,179.0,1.0,ELEMENTARY
8618,1.0,32.0,1.0,ELEMENTARY
8622,1.0,9.0,3.0,ELEMENTARY
8623,2.0,44.0,3.0,ELEMENTARY
8629,1.0,32.0,1.0,ELEMENTARY
8630,1.0,1.0,1.0,ELEMENTARY
8635,1.0,22.0,1.0,ELEMENTARY
8639,1.0,26.0,1.0,ELEMENTARY
8640,1.0,15.0,4.0,ELEMENTARY
8651,1.0,27.0,4.0,ELEMENTARY
8654,1.0,747.0,1.0,OTHERS
8657,2.0,20.0,1.0,ELEMENTARY
8668,1.0,1068.0,3.0,OTHERS
8673,2.0,222.0,3.0,HIGHSCHOOL
8674,2.0,23.0,1.0,ELEMENTARY
8680,1.0,988.0,3.0,HIGHSCHOOL
8688,1.0,32.0,4.0,ELEMENTARY
8698,1.0,51.0,4.0,ELEMENTARY
8723,1.0,13.0,1.0,ELEMENTARY
8729,2.0,1068.0,3.0,HIGHSCHOOL
8730,1.0,4.0,3.0,ELEMENTARY
8732,1.0,519.0,3.0,OTHERS
8736,1.0,11.0,1.0,ELEMENTARY
8738,1.0,11.0,1.0,ELEMENTARY
8740,2.0,54.0,4.0,ELEMENTARY
8761,1.0,34.0,1.0,ELEMENTARY
8762,1.0,67.0,4.0,ELEMENTARY
8763,2.0,2.0,1.0,ELEMENTARY
8764,2.0,17.0,4.0,ELEMENTARY
8766,2.0,1.0,3.0,ELEMENTARY
8771,1.0,7.0,1.0,ELEMENTARY
8774,2.0,33.0,1.0,ELEMENTARY
8775,2.0,35.0,1.0,ELEMENTARY
8777,2.0,872.0,3.0,HIGHSCHOOL
8785,2.0,26.0,2.0,ELEMENTARY
8789,2.0,567.0,1.0,ELEMENTARY
8794,2.0,26.0,3.0,ELEMENTARY
8796,2.0,65.0,1.0,ELEMENTARY
8797,1.0,5.397605346934027e-79,4.0,ELEMENTARY
8799,2.0,7.0,1.0,ELEMENTARY
8801,2.0,7.0,1.0,ELEMENTARY
8806,1.0,6.0,1.0,ELEMENTARY
8815,2.0,18.0,4.0,ELEMENTARY
8817,1.0,318.0,4.0,OTHERS
8823,2.0,47.0,4.0,ELEMENTARY
8828,2.0,41.0,1.0,ELEMENTARY
8840,2.0,67.0,4.0,ELEMENTARY
8844,1.0,17.0,4.0,ELEMENTARY
8848,1.0,23.0,3.0,ELEMENTARY
8850,2.0,64.0,5.0,ELEMENTARY
8853,1.0,7.0,1.0,ELEMENTARY
8854,1.0,3.0,1.0,ELEMENTARY
8858,1.0,16.0,4.0,ELEMENTARY
8864,2.0,64.0,1.0,ELEMENTARY
8872,2.0,5.0,1.0,ELEMENTARY
8882,1.0,59.0,4.0,ELEMENTARY
8887,2.0,218.0,4.0,ELEMENTARY
8895,2.0,61.0,3.0,ELEMENTARY
8904,1.0,63.0,3.0,ELEMENTARY
8910,1.0,2.0,4.0,ELEMENTARY
8913,1.0,71.0,4.0,ELEMENTARY
8915,1.0,33.0,1.0,ELEMENTARY
8916,2.0,10.0,1.0,ELEMENTARY
8927,1.0,74.0,1.0,ELEMENTARY
8930,1.0,3.0,1.0,ELEMENTARY
8935,2.0,3.0,3.0,ELEMENTARY
8949,1.0,31.0,3.0,ELEMENTARY
8951,1.0,34.0,1.0,ELEMENTARY
8959,1.0,5.0,1.0,ELEMENTARY
8960,2.0,61.0,1.0,ELEMENTARY
8964,2.0,31.0,1.0,ELEMENTARY
8967,1.0,3.0,1.0,ELEMENTARY
8974,1.0,4.0,1.0,ELEMENTARY
8975,2.0,3.0,1.0,ELEMENTARY
8978,1.0,47.0,1.0,ELEMENTARY
8987,1.0,3.0,5.0,ELEMENTARY
8988,1.0,23.0,4.0,ELEMENTARY
8993,1.0,41.0,2.0,ELEMENTARY
8999,2.0,45.0,4.0,ELEMENTARY
9000,2.0,61.0,1.0,ELEMENTARY
9001,2.0,14.0,4.0,ELEMENTARY
9012,2.0,21.0,1.0,ELEMENTARY
9015,1.0,58.0,4.0,ELEMENTARY
9018,2.0,54.0,1.0,ELEMENTARY
9019,1.0,52.0,1.0,ELEMENTARY
9029,1.0,36.0,3.0,ELEMENTARY
9035,2.0,9.0,3.0,ELEMENTARY
9036,2.0,33.0,3.0,ELEMENTARY
9039,1.0,2.0,3.0,ELEMENTARY
9041,1.0,33.0,4.0,ELEMENTARY
9048,1.0,2.0,3.0,ELEMENTARY
9054,2.0,63.0,4.0,ELEMENTARY
9057,1.0,53.0,1.0,ELEMENTARY
9059,1.0,52.0,1.0,ELEMENTARY
9061,2.0,67.0,2.0,ELEMENTARY
9065,1.0,8.0,1.0,ELEMENTARY
9072,2.0,575.0,1.0,ELEMENTARY
9075,1.0,31.0,1.0,ELEMENTARY
9077,2.0,1068.0,3.0,COLLEGE
9079,2.0,55.0,4.0,ELEMENTARY
9080,2.0,32.0,3.0,ELEMENTARY
9095,1.0,20.0,3.0,ELEMENTARY
9097,2.0,3.0,1.0,ELEMENTARY
9102,1.0,6.0,1.0,ELEMENTARY
9109,1.0,10.0,1.0,ELEMENTARY
9111,1.0,10.0,1.0,ELEMENTARY
9114,2.0,11.0,4.0,ELEMENTARY
9115,2.0,11.0,1.0,ELEMENTARY
9116,1.0,30.0,3.0,ELEMENTARY
9118,1.0,62.0,1.0,ELEMENTARY
9119,2.0,2.0,5.0,ELEMENTARY
9132,2.0,197.0,1.0,ELEMENTARY
9134,2.0,534.0,3.0,OTHERS
9145,1.0,47.0,4.0,ELEMENTARY
9157,2.0,63.0,1.0,ELEMENTARY
9158,2.0,50.0,3.0,ELEMENTARY
9167,1.0,2.0,1.0,ELEMENTARY
9174,1.0,5.0,3.0,ELEMENTARY
9178,2.0,45.0,1.0,ELEMENTARY
9182,1.0,2.0,2.0,ELEMENTARY
9184,2.0,453.0,3.0,COLLEGE
9185,2.0,52.0,3.0,ELEMENTARY
9188,1.0,49.0,2.0,ELEMENTARY
9197,2.0,17.0,3.0,ELEMENTARY
9198,1.0,48.0,4.0,ELEMENTARY
9200,2.0,88.0,1.0,ELEMENTARY
9207,1.0,41.0,4.0,ELEMENTARY
9210,1.0,59.0,1.0,ELEMENTARY
9213,2.0,37.0,4.0,ELEMENTARY
9217,1.0,71.0,3.0,ELEMENTARY
9221,2.0,15.0,3.0,ELEMENTARY
9227,1.0,64.0,3.0,ELEMENTARY
9230,2.0,5.397605346934027e-79,1.0,ELEMENTARY
9238,1.0,7.0,3.0,ELEMENTARY
9240,2.0,520.0,3.0,COLLEGE
9247,2.0,61.0,5.0,ELEMENTARY
9248,2.0,26.0,4.0,ELEMENTARY
9249,2.0,11.0,1.0,ELEMENTARY
9258,2.0,9.0,3.0,ELEMENTARY
9266,1.0,53.0,4.0,ELEMENTARY
9278,1.0,62.0,4.0,ELEMENTARY
9280,1.0,11.0,1.0,ELEMENTARY
9285,2.0,40.0,4.0,ELEMENTARY
9286,1.0,40.0,1.0,ELEMENTARY
9288,2.0,54.0,4.0,ELEMENTARY
9299,1.0,50.0,4.0,ELEMENTARY
9311,2.0,38.0,4.0,ELEMENTARY
9321,2.0,14.0,3.0,ELEMENTARY
9322,1.0,16.0,4.0,ELEMENTARY
9323,2.0,705.0,5.0,ELEMENTARY
9351,1.0,29.0,1.0,ELEMENTARY
9352,1.0,59.0,4.0,ELEMENTARY
9353,2.0,3.0,3.0,ELEMENTARY
9360,2.0,60.0,3.0,ELEMENTARY
9367,2.0,68.0,3.0,ELEMENTARY
9368,2.0,9.0,3.0,ELEMENTARY
9373,2.0,65.0,3.0,ELEMENTARY
9377,1.0,30.0,3.0,ELEMENTARY
9389,2.0,2.0,4.0,ELEMENTARY
9394,2.0,40.0,3.0,ELEMENTARY
9402,1.0,11.0,3.0,ELEMENTARY
9410,1.0,37.0,5.0,ELEMENTARY
9420,1.0,65.0,1.0,ELEMENTARY
9425,2.0,5.397605346934027e-79,1.0,ELEMENTARY
9426,2.0,6.0,1.0,ELEMENTARY
9435,1.0,23.0,3.0,ELEMENTARY
9440,1.0,9.0,4.0,ELEMENTARY
9441,1.0,44.0,4.0,ELEMENTARY
9450,2.0,44.0,1.0,ELEMENTARY
9453,2.0,28.0,3.0,ELEMENTARY
9466,1.0,49.0,2.0,ELEMENTARY
9473,1.0,14.0,1.0,ELEMENTARY
9484,1.0,94.0,3.0,ELEMENTARY
9497,2.0,49.0,1.0,ELEMENTARY
9499,1.0,8.0,4.0,ELEMENTARY
9500,1.0,34.0,1.0,ELEMENTARY
9501,2.0,22.0,1.0,ELEMENTARY
9502,1.0,9.0,3.0,ELEMENTARY
9504,1.0,64.0,3.0,ELEMENTARY
9511,1.0,34.0,3.0,ELEMENTARY
9521,2.0,31.0,4.0,ELEMENTARY
9522,1.0,473.0,3.0,COLLEGE
9525,1.0,33.0,1.0,ELEMENTARY
9527,2.0,7.0,4.0,ELEMENTARY
9529,1.0,31.0,3.0,ELEMENTARY
9530,2.0,8.0,3.0,ELEMENTARY
9536,1.0,2.0,3.0,ELEMENTARY
9539,1.0,61.0,3.0,ELEMENTARY
9541,2.0,67.0,1.0,ELEMENTARY
9546,1.0,196.0,4.0,ELEMENTARY
9550,2.0,38.0,3.0,ELEMENTARY
9552,2.0,2.0,1.0,ELEMENTARY
9560,1.0,7.0,4.0,ELEMENTARY
9564,2.0,149.0,1.0,ELEMENTARY
9565,1.0,41.0,4.0,ELEMENTARY
9568,2.0,332.0,5.0,COLLEGE
9581,1.0,56.0,3.0,ELEMENTARY
9592,1.0,69.0,4.0,ELEMENTARY
9596,2.0,213.0,1.0,ELEMENTARY
9601,1.0,35.0,3.0,ELEMENTARY
9603,2.0,25.0,3.0,ELEMENTARY
9606,1.0,65.0,4.0,ELEMENTARY
9608,1.0,25.0,4.0,ELEMENTARY
9611,2.0,25.0,4.0,ELEMENTARY
9622,2.0,66.0,3.0,ELEMENTARY
9623,2.0,27.0,1.0,ELEMENTARY
9627,1.0,13.0,1.0,ELEMENTARY
9629,2.0,25.0,1.0,ELEMENTARY
9639,1.0,2.0,3.0,ELEMENTARY
9651,2.0,4.0,1.0,ELEMENTARY
9652,1.0,978.0,3.0,HIGHSCHOOL
9658,1.0,26.0,3.0,ELEMENTARY
9659,1.0,5.0,4.0,ELEMENTARY
9662,2.0,1068.0,3.0,OTHERS
9665,1.0,658.0,3.0,OTHERS
9666,2.0,6.0,3.0,ELEMENTARY
9678,2.0,454.0,4.0,COLLEGE
9690,1.0,19.0,3.0,ELEMENTARY
9693,1.0,35.0,5.0,ELEMENTARY
9698,2.0,60.0,2.0,ELEMENTARY
9699,2.0,38.0,4.0,ELEMENTARY
9706,2.0,53.0,4.0,ELEMENTARY
9708,1.0,54.0,3.0,ELEMENTARY
9719,2.0,76.0,4.0,ELEMENTARY
9720,2.0,19.0,1.0,ELEMENTARY
9724,1.0,60.0,4.0,ELEMENTARY
9737,1.0,872.0,1.0,ELEMENTARY
9738,1.0,36.0,1.0,ELEMENTARY
9741,1.0,61.0,3.0,ELEMENTARY
9747,1.0,52.0,1.0,ELEMENTARY
9757,1.0,18.0,1.0,ELEMENTARY
9758,2.0,12.0,1.0,ELEMENTARY
9767,2.0,48.0,4.0,ELEMENTARY
9771,2.0,2.0,2.0,ELEMENTARY
9774,1.0,52.0,1.0,ELEMENTARY
9776,1.0,28.0,4.0,ELEMENTARY
9786,2.0,69.0,4.0,ELEMENTARY
9787,2.0,49.0,1.0,ELEMENTARY
9788,2.0,44.0,4.0,ELEMENTARY
9789,2.0,7.0,2.0,ELEMENTARY
9800,2.0,360.0,3.0,OTHERS
9801,2.0,30.0,4.0,ELEMENTARY
9810,1.0,15.0,3.0,ELEMENTARY
9812,2.0,48.0,4.0,ELEMENTARY
9814,1.0,56.0,4.0,ELEMENTARY
9816,2.0,20.0,1.0,ELEMENTARY
9818,2.0,45.0,4.0,ELEMENTARY
9829,2.0,67.0,1.0,ELEMENTARY
9831,2.0,41.0,4.0,ELEMENTARY
9832,2.0,34.0,4.0,ELEMENTARY
9833,2.0,32.0,1.0,ELEMENTARY
9840,2.0,48.0,1.0,ELEMENTARY
9849,2.0,41.0,4.0,ELEMENTARY
9852,2.0,49.0,3.0,ELEMENTARY
9860,1.0,65.0,4.0,ELEMENTARY
9867,1.0,72.0,1.0,ELEMENTARY
9869,1.0,390.0,4.0,HIGHSCHOOL
9870,1.0,58.0,4.0,ELEMENTARY
9873,1.0,7.0,3.0,ELEMENTARY
9875,1.0,54.0,3.0,ELEMENTARY
9880,2.0,67.0,4.0,ELEMENTARY
9891,2.0,18.0,4.0,ELEMENTARY
9896,1.0,22.0,1.0,ELEMENTARY
9902,2.0,4.0,4.0,ELEMENTARY
9904,1.0,13.0,1.0,ELEMENTARY
9908,1.0,34.0,4.0,ELEMENTARY
9918,2.0,45.0,2.0,ELEMENTARY
9925,2.0,27.0,2.0,ELEMENTARY
9932,1.0,37.0,1.0,ELEMENTARY
9934,1.0,2.0,2.0,ELEMENTARY
9935,2.0,190.0,3.0,ELEMENTARY
9937,2.0,7.0,4.0,ELEMENTARY
9940,1.0,64.0,1.0,ELEMENTARY
9941,1.0,2.0,3.0,ELEMENTARY
9942,2.0,28.0,3.0,ELEMENTARY
9944,2.0,28.0,3.0,ELEMENTARY
9946,2.0,1.0,3.0,ELEMENTARY
9952,2.0,46.0,3.0,ELEMENTARY
9956,1.0,71.0,3.0,ELEMENTARY
9957,1.0,1068.0,3.0,OTHERS
9958,2.0,53.0,4.0,ELEMENTARY
9959,2.0,62.0,3.0,ELEMENTARY
9964,2.0,48.0,4.0,ELEMENTARY
9969,2.0,41.0,4.0,ELEMENTARY
9987,2.0,64.0,2.0,ELEMENTARY
9993,2.0,10.0,3.0,ELEMENTARY
9998,2.0,71.0,3.0,ELEMENTARY
10003,2.0,461.0,1.0,OTHERS
10004,1.0,291.0,4.0,OTHERS
10018,1.0,62.0,1.0,ELEMENTARY
10021,2.0,26.0,1.0,ELEMENTARY
10024,1.0,25.0,3.0,ELEMENTARY
10025,2.0,51.0,3.0,ELEMENTARY
10028,2.0,57.0,3.0,ELEMENTARY
10034,2.0,16.0,4.0,ELEMENTARY
10039,1.0,15.0,4.0,ELEMENTARY
10042,2.0,785.0,3.0,HIGHSCHOOL
10045,1.0,26.0,4.0,ELEMENTARY
10046,2.0,57.0,3.0,ELEMENTARY
10047,1.0,11.0,4.0,ELEMENTARY
10049,2.0,582.0,1.0,ELEMENTARY
10051,2.0,60.0,5.0,ELEMENTARY
10069,1.0,721.0,3.0,HIGHSCHOOL
10072,1.0,32.0,3.0,ELEMENTARY
10086,1.0,33.0,1.0,ELEMENTARY
10099,1.0,44.0,3.0,ELEMENTARY
10101,1.0,46.0,1.0,ELEMENTARY
10114,2.0,42.0,4.0,ELEMENTARY
10115,2.0,71.0,1.0,ELEMENTARY
10118,1.0,51.0,2.0,ELEMENTARY
10120,1.0,34.0,3.0,ELEMENTARY
10122,1.0,50.0,3.0,ELEMENTARY
10123,1.0,450.0,4.0,ELEMENTARY
10130,1.0,36.0,1.0,ELEMENTARY
10135,1.0,41.0,4.0,ELEMENTARY
10136,2.0,67.0,5.0,ELEMENTARY
10148,2.0,12.0,3.0,ELEMENTARY
10149,2.0,731.0,3.0,ELEMENTARY
10153,1.0,1068.0,3.0,OTHERS
10155,2.0,16.0,3.0,ELEMENTARY
10163,1.0,40.0,4.0,ELEMENTARY
10164,1.0,63.0,4.0,ELEMENTARY
10166,1.0,35.0,4.0,ELEMENTARY
10168,2.0,50.0,1.0,ELEMENTARY
10169,1.0,9.0,1.0,ELEMENTARY
10171,2.0,8.0,1.0,ELEMENTARY
10172,1.0,21.0,4.0,ELEMENTARY
10175,2.0,3.0,3.0,ELEMENTARY
10178,2.0,4.0,1.0,ELEMENTARY
10180,2.0,989.0,3.0,OTHERS
10181,1.0,3.0,3.0,ELEMENTARY
10182,2.0,8.0,3.0,ELEMENTARY
10184,2.0,50.0,4.0,ELEMENTARY
10191,1.0,2.0,5.0,ELEMENTARY
10196,1.0,10.0,1.0,ELEMENTARY
10198,1.0,10.0,4.0,ELEMENTARY
10203,1.0,9.0,1.0,ELEMENTARY
10208,2.0,990.0,3.0,ELEMENTARY
10210,1.0,675.0,4.0,ELEMENTARY
10214,1.0,31.0,1.0,ELEMENTARY
10218,1.0,11.0,4.0,ELEMENTARY
10219,2.0,91.0,1.0,ELEMENTARY
10221,1.0,48.0,4.0,ELEMENTARY
10232,1.0,19.0,1.0,ELEMENTARY
10236,2.0,17.0,4.0,ELEMENTARY
10240,1.0,63.0,5.0,ELEMENTARY
10244,2.0,20.0,4.0,ELEMENTARY
10245,1.0,63.0,3.0,ELEMENTARY
10246,2.0,33.0,1.0,ELEMENTARY
10254,1.0,18.0,4.0,ELEMENTARY
10257,2.0,52.0,4.0,ELEMENTARY
10264,1.0,3.0,4.0,ELEMENTARY
10265,2.0,21.0,5.0,ELEMENTARY
10266,1.0,42.0,2.0,ELEMENTARY
10268,2.0,22.0,1.0,ELEMENTARY
10270,2.0,33.0,4.0,ELEMENTARY
10272,1.0,50.0,3.0,ELEMENTARY
10273,2.0,26.0,1.0,ELEMENTARY
10283,1.0,29.0,1.0,ELEMENTARY
10284,2.0,6.0,2.0,ELEMENTARY
10285,2.0,1019.0,3.0,OTHERS
10294,2.0,54.0,1.0,ELEMENTARY
10296,1.0,48.0,3.0,ELEMENTARY
10298,2.0,9.0,1.0,ELEMENTARY
10302,1.0,27.0,3.0,ELEMENTARY
10304,1.0,31.0,3.0,ELEMENTARY
10306,2.0,24.0,1.0,ELEMENTARY
10314,1.0,15.0,4.0,ELEMENTARY
10316,1.0,24.0,1.0,ELEMENTARY
10328,1.0,10.0,1.0,ELEMENTARY
10329,2.0,28.0,1.0,ELEMENTARY
10336,1.0,9.0,1.0,ELEMENTARY
10343,1.0,2.0,3.0,ELEMENTARY
